iter,max_change,S,max_abs_res,rms_res
0,0.415818,-11.1043,59.6418,9.46617
1,0.302146,-15.5934,56.0964,8.27084
2,0.236611,-18.0527,42.8547,7.15935
3,0.186253,-19.6394,37.7811,6.21956
4,0.166028,-20.786,31.6845,5.42303
5,0.148882,-21.6625,28.6929,4.7434
6,0.167607,-22.3445,24.1589,4.16121
7,0.148188,-22.8728,21.5196,3.66046
8,0.107558,-23.2736,18.2181,3.22735
9,0.0922622,-23.5678,16.2636,2.85
10,0.0870003,-23.7741,13.8584,2.51874
11,0.0759806,-23.9104,12.3793,2.2261
12,0.0659704,-23.9933,10.5854,1.96667
13,0.0561922,-24.0384,9.46377,1.73667
14,0.0460107,-24.0587,8.11891,1.53334
15,0.0437595,-24.0649,7.26211,1.35435
16,0.0427647,-24.0649,6.24627,1.19743
17,0.0413433,-24.064,5.59105,1.06011
18,0.0395032,-24.0654,4.8192,0.939744
19,0.0374498,-24.0706,4.31563,0.833683
20,0.0347252,-24.0798,3.72731,0.739498
21,0.0320059,-24.0926,3.33907,0.655183
22,0.0286208,-24.108,2.88893,0.579259
23,0.0254141,-24.1251,2.58899,0.510773
24,0.0217243,-24.1427,2.24322,0.449191
25,0.0184065,-24.16,2.01083,0.394238
26,0.0163952,-24.1761,1.74437,0.345723
27,0.0153753,-24.1906,1.56374,0.303386
28,0.0143603,-24.2029,1.35784,0.266795
29,0.0136199,-24.2129,1.21708,0.23531
30,0.0126119,-24.2205,1.05762,0.208136
31,0.0117584,-24.2254,0.947765,0.184417
32,0.0106573,-24.2283,0.824081,0.163306
33,0.00966334,-24.2302,0.738341,0.14401
34,0.00846057,-24.2313,0.642398,0.125972
35,0.00737215,-24.2307,0.575666,0.109028
36,0.0061414,-24.2284,0.501647,0.0933025
37,0.00505883,-24.2248,0.450329,0.0791253
38,0.00390229,-24.2209,0.393528,0.0668319
39,0.00292939,-24.2175,0.353441,0.0566114
40,0.0019557,-24.2152,0.308063,0.0483865
41,0.00186415,-24.2141,0.275145,0.0418022
42,0.00188693,-24.2138,0.238585,0.0363624
43,0.00178165,-24.2141,0.21208,0.031633
44,0.00161851,-24.2148,0.183394,0.0273684
45,0.00136628,-24.2155,0.162702,0.0235039
46,0.00111661,-24.2163,0.140948,0.0200713
47,0.000836039,-24.2169,0.125373,0.0171161
48,0.000605421,-24.2173,0.109293,0.0146446
49,0.000388519,-24.2175,0.0978651,0.0126088
50,0.000343696,-24.2176,0.0861252,0.0109222
51,0.00035912,-24.2176,0.0778373,0.0094913
52,0.000342973,-24.2176,0.0692384,0.00824245
53,0.000313783,-24.2175,0.0632019,0.00713252
54,0.000262676,-24.2174,0.0567627,0.00614411
55,0.000213095,-24.2173,0.0522489,0.00527322
56,0.000154684,-24.2173,0.0472115,0.00451645
57,0.000116696,-24.2172,0.043646,0.00386282
58,0.000125111,-24.2172,0.0394541,0.00329232
59,0.000130125,-24.2173,0.0364141,0.00278025
60,0.000131329,-24.2173,0.0326971,0.00230393
61,0.000127115,-24.2173,0.0299166,0.00184764
62,0.000118322,-24.2173,0.0354604,0.00140351
63,0.000140249,-24.2173,0.0218936,0.000806958
64,8.65909e-05,-24.2173,0.010362,0.000402747
65,4.09825e-05,-24.2173,0.00390774,0.0001788
66,1.54554e-05,-24.2173,0.00115187,9.1774e-05
67,4.56994e-06,-24.2173,0.000344492,6.67936e-05
68,4.62326e-06,-24.2173,0.00014611,5.76525e-05
69,3.81597e-06,-24.2173,0.000135863,5.10549e-05
70,3.47704e-06,-24.2173,0.000117708,4.52535e-05
71,3.03377e-06,-24.2173,0.000108988,3.9968e-05
72,2.65483e-06,-24.2173,9.40903e-05,3.51601e-05
73,2.28519e-06,-24.2173,8.42161e-05,3.0794e-05
74,1.98104e-06,-24.2173,7.16751e-05,2.68744e-05
75,1.7213e-06,-24.2173,6.22673e-05,2.33803e-05
76,1.58309e-06,-24.2173,5.48212e-05,2.03052e-05
77,1.42455e-06,-24.2173,5.02949e-05,1.76289e-05
78,1.28667e-06,-24.2173,4.65869e-05,1.533e-05
79,1.13734e-06,-24.2173,4.21024e-05,1.33764e-05
80,1.0088e-06,-24.2173,3.84013e-05,1.1731e-05
81,8.76351e-07,-24.2173,3.42762e-05,1.0348e-05
82,7.62907e-07,-24.2173,3.08371e-05,9.18031e-06
83,6.52452e-07,-24.2173,2.72174e-05,8.18016e-06
84,5.58699e-07,-24.2173,2.42485e-05,7.30686e-06
85,4.73134e-07,-24.2173,2.12008e-05,6.528e-06
86,4.11996e-07,-24.2173,1.87316e-05,5.82234e-06
87,3.73513e-07,-24.2173,1.62136e-05,5.17792e-06
88,3.42093e-07,-24.2173,1.41316e-05,4.58985e-06
89,3.04715e-07,-24.2173,1.20309e-05,4.0572e-06
90,2.6805e-07,-24.2173,1.08386e-05,3.58063e-06
91,2.41408e-07,-24.2173,1.03911e-05,3.16058e-06
92,2.13189e-07,-24.2173,9.7826e-06,2.79595e-06
93,1.87063e-07,-24.2173,8.63886e-06,2.48289e-06
94,1.6346e-07,-24.2173,7.96094e-06,2.21428e-06
95,1.468e-07,-24.2173,6.3942e-06,1.98167e-06
96,1.31799e-07,-24.2173,5.51022e-06,1.77597e-06
97,1.18963e-07,-24.2173,4.67311e-06,1.5871e-06
98,1.0663e-07,-24.2173,3.97712e-06,1.40987e-06
99,9.50269e-08,-24.2173,3.42279e-06,1.24778e-06
100,8.36566e-08,-24.2173,2.84702e-06,1.1042e-06
101,7.321e-08,-24.2173,2.32131e-06,9.78498e-07
102,6.45767e-08,-24.2173,2.0491e-06,8.68333e-07
103,5.75664e-08,-24.2173,1.80019e-06,7.69608e-07
104,5.13842e-08,-24.2173,1.5646e-06,6.81835e-07
105,4.54709e-08,-24.2173,1.35117e-06,6.0443e-07
106,4.01245e-08,-24.2173,1.21449e-06,5.36105e-07
107,3.56496e-08,-24.2173,1.09378e-06,4.75669e-07
108,3.1731e-08,-24.2173,9.77927e-07,4.22227e-07
109,2.81841e-08,-24.2173,8.70303e-07,3.75054e-07
110,2.50449e-08,-24.2173,7.77566e-07,3.33339e-07
111,2.22661e-08,-24.2173,6.94448e-07,2.96356e-07
112,1.98097e-08,-24.2173,6.27494e-07,2.63534e-07
113,1.75951e-08,-24.2173,5.6579e-07,2.34376e-07
114,1.56459e-08,-24.2173,5.03287e-07,2.08433e-07
115,1.39108e-08,-24.2173,4.45411e-07,1.85337e-07
116,1.23898e-08,-24.2173,3.88707e-07,1.64773e-07
117,1.10275e-08,-24.2173,3.44544e-07,1.46468e-07
118,9.80704e-09,-24.2173,3.05145e-07,1.30183e-07
119,8.68649e-09,-24.2173,2.73228e-07,1.15709e-07
120,7.72474e-09,-24.2173,2.41327e-07,1.02853e-07
121,6.86718e-09,-24.2173,2.11567e-07,9.14399e-08
122,6.09998e-09,-24.2173,1.89388e-07,8.13054e-08
123,5.42419e-09,-24.2173,1.69697e-07,7.22983e-08
124,4.82333e-09,-24.2173,1.48066e-07,6.42795e-08
125,4.28933e-09,-24.2173,1.32495e-07,5.71228e-08
126,3.81289e-09,-24.2173,1.16135e-07,5.07155e-08
127,3.38465e-09,-24.2173,1.03455e-07,4.50981e-08
128,3.00924e-09,-24.2173,9.204e-08,4.00682e-08
129,2.67241e-09,-24.2173,8.20184e-08,3.56077e-08
130,2.37693e-09,-24.2173,7.29495e-08,3.16464e-08
131,2.11191e-09,-24.2173,6.46995e-08,2.81248e-08
132,1.87752e-09,-24.2173,5.73591e-08,2.49985e-08
133,1.6684e-09,-24.2173,5.09245e-08,2.22187e-08
134,1.48309e-09,-24.2173,4.53549e-08,1.97491e-08
135,1.31806e-09,-24.2173,4.0434e-08,1.75534e-08
136,1.17174e-09,-24.2173,3.60004e-08,1.56019e-08
137,1.04139e-09,-24.2173,3.19733e-08,1.38671e-08
138,9.25425e-10,-24.2173,2.83667e-08,1.23253e-08
139,8.2229e-10,-24.2173,2.51839e-08,1.09549e-08
140,7.30835e-10,-24.2173,2.23865e-08,9.73686e-09
141,6.49588e-10,-24.2173,1.99018e-08,8.65409e-09
142,5.77409e-10,-24.2173,1.76801e-08,7.69157e-09
143,5.13194e-10,-24.2173,1.57017e-08,6.83598e-09
144,4.56123e-10,-24.2173,1.39548e-08,6.07553e-09
145,4.05385e-10,-24.2173,1.24101e-08,5.39972e-09
146,3.60292e-10,-24.2173,1.10369e-08,4.79915e-09
147,3.20222e-10,-24.2173,9.81358e-09,4.26546e-09
