total_iter,N,S
1,16,-16.4367
2,16,-19.183
3,16,-21.3996
4,16,-23.8948
5,16,-24.6169
6,16,-24.3321
7,16,-23.7669
8,16,-23.4373
9,16,-23.5343
10,16,-24.018
11,16,-24.7654
12,16,-25.622
13,16,-26.3952
14,16,-26.903
15,16,-27.0708
16,16,-26.9335
17,16,-26.9472
18,16,-26.8983
19,16,-26.4786
20,16,-26.5523
21,16,-26.9969
22,16,-27.222
23,16,-27.3827
24,16,-27.4955
25,16,-27.4801
26,16,-27.3831
27,16,-27.3298
28,16,-27.3324
29,16,-27.3366
30,16,-27.3379
31,16,-27.3366
32,16,-27.2937
33,16,-27.3882
34,16,-27.3409
35,16,-27.5206
36,16,-27.3872
37,16,-27.4959
38,16,-27.4041
39,16,-27.3956
40,16,-27.3717
41,16,-27.3416
42,16,-27.3537
43,16,-27.3725
44,16,-27.4203
45,16,-27.4411
46,16,-27.4403
47,16,-27.422
48,16,-27.4016
49,16,-27.3855
50,16,-27.3818
51,16,-27.392
52,16,-27.3884
53,16,-27.4054
54,16,-27.4196
55,16,-27.4022
56,16,-27.4132
57,16,-27.408
58,16,-27.3965
59,16,-27.4025
60,16,-27.4002
61,16,-27.4006
62,16,-27.4025
63,16,-27.4025
64,16,-27.4009
65,16,-27.4031
66,16,-27.4043
67,16,-27.4065
68,16,-27.4049
69,16,-27.4047
70,16,-27.4004
71,16,-27.4021
72,16,-27.4011
73,16,-27.403
74,16,-27.4017
75,16,-27.4038
76,16,-27.4042
77,16,-27.4038
78,16,-27.4034
79,16,-27.4036
80,16,-27.4028
81,16,-27.4022
82,16,-27.4026
83,16,-27.4025
84,16,-27.4029
85,16,-27.4033
86,16,-27.4032
87,16,-27.4035
88,16,-27.4032
89,16,-27.403
90,16,-27.4031
91,16,-27.4026
92,16,-27.4029
93,16,-27.4028
94,16,-27.403
95,16,-27.4032
96,16,-27.4031
97,16,-27.4031
98,16,-27.4031
99,16,-27.4031
100,16,-27.403
101,16,-27.403
102,16,-27.403
103,16,-27.403
104,16,-27.403
105,16,-27.4031
106,16,-27.403
107,16,-27.403
108,16,-27.403
109,16,-27.4031
110,16,-27.403
111,16,-27.403
112,16,-27.403
113,16,-27.403
114,16,-27.403
115,16,-27.403
116,16,-27.403
117,16,-27.403
118,16,-27.403
119,16,-27.403
120,16,-27.403
121,16,-27.403
122,16,-27.403
123,16,-27.403
124,16,-27.403
125,16,-27.403
126,16,-27.403
127,16,-27.403
128,16,-27.403
129,16,-27.403
130,16,-27.403
131,16,-27.403
132,16,-27.403
133,16,-27.403
134,16,-27.403
135,16,-27.403
136,16,-27.403
137,16,-27.403
138,16,-27.403
139,16,-27.403
140,16,-27.403
141,16,-27.403
142,16,-27.403
143,16,-27.403
144,16,-27.403
145,16,-27.403
146,16,-27.403
147,16,-27.403
148,16,-27.403
149,16,-27.403
150,16,-27.403
151,16,-27.403
152,16,-27.403
153,16,-27.403
154,16,-27.403
155,16,-27.403
156,16,-27.403
157,16,-27.403
158,16,-27.403
159,16,-27.403
160,16,-27.403
161,16,-27.403
162,16,-27.403
163,16,-27.403
164,16,-27.403
165,16,-27.403
166,16,-27.403
167,16,-27.403
168,16,-27.403
169,16,-27.403
170,16,-27.403
171,16,-27.403
172,16,-27.403
173,16,-27.403
174,16,-27.403
175,16,-27.403
176,16,-27.403
177,16,-27.403
178,16,-27.403
179,16,-27.403
180,16,-27.403
181,16,-27.403
182,16,-27.403
183,16,-27.403
184,16,-27.403
185,16,-27.403
186,16,-27.403
187,16,-27.403
188,16,-27.403
189,16,-27.403
190,16,-27.403
191,16,-27.403
192,16,-27.403
193,16,-27.403
194,16,-27.403
195,16,-27.403
196,16,-27.403
197,16,-27.403
198,16,-27.403
199,16,-27.403
200,16,-27.403
201,16,-27.403
202,16,-27.403
203,16,-27.403
204,16,-27.403
205,16,-27.403
206,16,-27.403
207,16,-27.403
208,16,-27.403
209,16,-27.403
210,16,-27.403
211,16,-27.403
212,16,-27.403
213,16,-27.403
214,16,-27.403
215,16,-27.403
216,16,-27.403
217,16,-27.403
218,32,-24.2363
219,32,-24.088
220,32,-24.2852
221,32,-24.1322
222,32,-24.237
223,32,-24.2187
224,32,-24.1903
225,32,-24.2613
226,32,-24.1931
227,32,-24.2429
228,32,-24.2261
229,32,-24.207
230,32,-24.2454
231,32,-24.1933
232,32,-24.2355
233,32,-24.2033
234,32,-24.2141
235,32,-24.2163
236,32,-24.203
237,32,-24.2184
238,32,-24.2071
239,32,-24.2128
240,32,-24.2167
241,32,-24.2091
242,32,-24.222
243,32,-24.2117
244,32,-24.2214
245,32,-24.217
246,32,-24.219
247,32,-24.2202
248,32,-24.218
249,32,-24.2197
250,32,-24.2185
251,32,-24.2181
252,32,-24.219
253,32,-24.2172
254,32,-24.2181
255,32,-24.2153
256,32,-24.2169
257,32,-24.2147
258,32,-24.2167
259,32,-24.2157
260,32,-24.217
261,32,-24.2171
262,32,-24.2173
263,32,-24.2178
264,32,-24.2176
265,32,-24.2176
266,32,-24.218
267,32,-24.217
268,32,-24.2182
269,32,-24.2166
270,32,-24.2179
271,32,-24.2169
272,32,-24.2172
273,32,-24.2174
274,32,-24.2169
275,32,-24.2175
276,32,-24.2173
277,32,-24.217
278,32,-24.2179
279,32,-24.2166
280,32,-24.2179
281,32,-24.2168
282,32,-24.2176
283,32,-24.2171
284,32,-24.2174
285,32,-24.2172
286,32,-24.2174
287,32,-24.2172
288,32,-24.2174
289,32,-24.2173
290,32,-24.2173
291,32,-24.2174
292,32,-24.2173
293,32,-24.2174
294,32,-24.2173
295,32,-24.2173
296,32,-24.2173
297,32,-24.2173
298,32,-24.2173
299,32,-24.2173
300,32,-24.2173
301,32,-24.2173
302,32,-24.2173
303,32,-24.2173
304,32,-24.2173
305,32,-24.2173
306,32,-24.2173
307,32,-24.2173
308,32,-24.2173
309,32,-24.2173
310,32,-24.2173
311,32,-24.2173
312,32,-24.2173
313,32,-24.2173
314,32,-24.2173
315,32,-24.2173
316,32,-24.2173
317,32,-24.2173
318,32,-24.2173
319,32,-24.2173
320,32,-24.2173
321,32,-24.2173
322,32,-24.2173
323,32,-24.2173
324,32,-24.2173
325,32,-24.2173
326,32,-24.2173
327,32,-24.2173
328,32,-24.2173
329,32,-24.2173
330,32,-24.2173
331,32,-24.2173
332,32,-24.2173
333,32,-24.2173
334,32,-24.2173
335,32,-24.2173
336,32,-24.2173
337,32,-24.2173
338,32,-24.2173
339,32,-24.2173
340,32,-24.2173
341,32,-24.2173
342,32,-24.2173
343,32,-24.2173
344,32,-24.2173
345,32,-24.2173
346,32,-24.2173
347,32,-24.2173
348,32,-24.2173
349,32,-24.2173
350,32,-24.2173
351,32,-24.2173
352,32,-24.2173
353,32,-24.2173
354,32,-24.2173
355,32,-24.2173
356,32,-24.2173
357,32,-24.2173
358,32,-24.2173
359,32,-24.2173
360,32,-24.2173
361,32,-24.2173
362,32,-24.2173
363,32,-24.2173
364,32,-24.2173
365,32,-24.2173
366,32,-24.2173
367,32,-24.2173
368,32,-24.2173
369,32,-24.2173
370,32,-24.2173
371,32,-24.2173
372,32,-24.2173
373,32,-24.2173
374,32,-24.2173
375,32,-24.2173
376,32,-24.2173
377,32,-24.2173
378,32,-24.2173
379,32,-24.2173
380,32,-24.2173
381,32,-24.2173
382,32,-24.2173
383,32,-24.2173
384,32,-24.2173
385,32,-24.2173
386,32,-24.2173
387,32,-24.2173
388,32,-24.2173
389,32,-24.2173
390,32,-24.2173
391,32,-24.2173
392,32,-24.2173
393,32,-24.2173
394,32,-24.2173
395,32,-24.2173
396,32,-24.2173
397,32,-24.2173
398,32,-24.2173
399,32,-24.2173
400,32,-24.2173
401,32,-24.2173
402,32,-24.2173
403,32,-24.2173
404,32,-24.2173
405,32,-24.2173
406,32,-24.2173
407,32,-24.2173
408,32,-24.2173
409,32,-24.2173
410,32,-24.2173
411,32,-24.2173
412,32,-24.2173
413,32,-24.2173
414,32,-24.2173
415,32,-24.2173
416,32,-24.2173
417,32,-24.2173
418,32,-24.2173
419,32,-24.2173
420,32,-24.2173
421,32,-24.2173
422,32,-24.2173
423,32,-24.2173
424,32,-24.2173
425,32,-24.2173
426,32,-24.2173
427,32,-24.2173
428,32,-24.2173
429,32,-24.2173
430,32,-24.2173
431,32,-24.2173
432,32,-24.2173
433,32,-24.2173
434,32,-24.2173
435,32,-24.2173
436,32,-24.2173
437,64,-23.0613
438,64,-23.0385
439,64,-23.0714
440,64,-23.0368
441,64,-23.0731
442,64,-23.0406
443,64,-23.0696
444,64,-23.0472
445,64,-23.0641
446,64,-23.054
447,64,-23.0592
448,64,-23.0592
449,64,-23.0562
450,64,-23.0619
451,64,-23.0553
452,64,-23.0625
453,64,-23.0561
454,64,-23.0616
455,64,-23.0577
456,64,-23.0602
457,64,-23.0592
458,64,-23.0589
459,64,-23.0603
460,64,-23.0581
461,64,-23.0606
462,64,-23.0578
463,64,-23.0605
464,64,-23.0579
465,64,-23.06
466,64,-23.0582
467,64,-23.0594
468,64,-23.0586
469,64,-23.0589
470,64,-23.0588
471,64,-23.0585
472,64,-23.0588
473,64,-23.0584
474,64,-23.0587
475,64,-23.0583
476,64,-23.0586
477,64,-23.0584
478,64,-23.0585
479,64,-23.0585
480,64,-23.0584
481,64,-23.0585
482,64,-23.0584
483,64,-23.0585
484,64,-23.0584
485,64,-23.0586
486,64,-23.0584
487,64,-23.0586
488,64,-23.0585
489,64,-23.0586
490,64,-23.0585
491,64,-23.0586
492,64,-23.0586
493,64,-23.0586
494,64,-23.0586
495,64,-23.0586
496,64,-23.0586
497,64,-23.0586
498,64,-23.0587
499,64,-23.0587
500,64,-23.0587
501,64,-23.0587
502,64,-23.0587
503,64,-23.0587
504,64,-23.0587
505,64,-23.0587
506,64,-23.0587
507,64,-23.0587
508,64,-23.0587
509,64,-23.0587
510,64,-23.0587
511,64,-23.0587
512,64,-23.0586
513,64,-23.0587
514,64,-23.0586
515,64,-23.0586
516,64,-23.0586
517,64,-23.0586
518,64,-23.0586
519,64,-23.0586
520,64,-23.0586
521,64,-23.0586
522,64,-23.0586
523,64,-23.0586
524,64,-23.0586
525,64,-23.0586
526,64,-23.0586
527,64,-23.0586
528,64,-23.0586
529,64,-23.0586
530,64,-23.0586
531,64,-23.0586
532,64,-23.0586
533,64,-23.0586
534,64,-23.0586
535,64,-23.0586
536,64,-23.0586
537,64,-23.0586
538,64,-23.0586
539,64,-23.0586
540,64,-23.0586
541,64,-23.0586
542,64,-23.0586
543,64,-23.0586
544,64,-23.0586
545,64,-23.0586
546,64,-23.0586
547,64,-23.0586
548,64,-23.0586
549,64,-23.0586
550,64,-23.0586
551,64,-23.0586
552,64,-23.0586
553,64,-23.0586
554,64,-23.0586
555,64,-23.0586
556,64,-23.0586
557,64,-23.0586
558,64,-23.0586
559,64,-23.0586
560,64,-23.0586
561,64,-23.0586
562,64,-23.0586
563,64,-23.0586
564,64,-23.0586
565,64,-23.0586
566,64,-23.0586
567,64,-23.0586
568,64,-23.0586
569,64,-23.0586
570,64,-23.0586
571,64,-23.0586
572,64,-23.0586
573,64,-23.0586
574,64,-23.0586
575,64,-23.0586
576,64,-23.0586
577,64,-23.0586
578,64,-23.0586
579,64,-23.0586
580,64,-23.0586
581,64,-23.0586
582,64,-23.0586
583,64,-23.0586
584,64,-23.0586
585,64,-23.0586
586,64,-23.0586
587,64,-23.0586
588,64,-23.0586
589,64,-23.0586
590,64,-23.0586
591,64,-23.0586
592,64,-23.0586
593,64,-23.0586
594,64,-23.0586
595,64,-23.0586
596,64,-23.0586
597,64,-23.0586
598,64,-23.0586
599,64,-23.0586
600,64,-23.0586
601,64,-23.0586
602,64,-23.0586
603,64,-23.0586
604,64,-23.0586
605,64,-23.0586
606,64,-23.0586
607,64,-23.0586
608,64,-23.0586
609,64,-23.0586
610,64,-23.0586
611,64,-23.0586
612,64,-23.0586
613,64,-23.0586
614,64,-23.0586
615,64,-23.0586
616,64,-23.0586
617,64,-23.0586
618,64,-23.0586
619,64,-23.0586
620,64,-23.0586
621,64,-23.0586
622,64,-23.0586
623,64,-23.0586
624,64,-23.0586
625,64,-23.0586
626,64,-23.0586
627,64,-23.0586
628,64,-23.0586
629,64,-23.0586
630,64,-23.0586
631,64,-23.0586
632,64,-23.0586
633,64,-23.0586
634,64,-23.0586
635,64,-23.0586
636,64,-23.0586
637,64,-23.0586
638,64,-23.0586
639,64,-23.0586
640,64,-23.0586
641,64,-23.0586
642,64,-23.0586
643,64,-23.0586
644,64,-23.0586
645,64,-23.0586
646,64,-23.0586
647,64,-23.0586
648,64,-23.0586
649,64,-23.0586
650,64,-23.0586
651,64,-23.0586
652,64,-23.0586
653,64,-23.0586
654,64,-23.0586
655,64,-23.0586
656,64,-23.0586
657,64,-23.0586
658,64,-23.0586
659,64,-23.0586
660,64,-23.0586
661,64,-23.0586
662,64,-23.0586
663,64,-23.0586
664,64,-23.0586
665,64,-23.0586
666,64,-23.0586
667,64,-23.0586
668,64,-23.0586
669,64,-23.0586
670,64,-23.0586
671,64,-23.0586
672,64,-23.0586
673,64,-23.0586
674,64,-23.0586
675,64,-23.0586
676,64,-23.0586
677,64,-23.0586
678,64,-23.0586
679,64,-23.0586
680,64,-23.0586
681,64,-23.0586
682,64,-23.0586
683,64,-23.0586
684,128,-22.5937
685,128,-22.5907
686,128,-22.5949
687,128,-22.5901
688,128,-22.5955
689,128,-22.59
690,128,-22.5957
691,128,-22.5902
692,128,-22.5955
693,128,-22.5906
694,128,-22.5951
695,128,-22.5911
696,128,-22.5947
697,128,-22.5916
698,128,-22.5943
699,128,-22.5921
700,128,-22.5939
701,128,-22.5926
702,128,-22.5936
703,128,-22.5929
704,128,-22.5934
705,128,-22.5932
706,128,-22.5933
707,128,-22.5933
708,128,-22.5932
709,128,-22.5934
710,128,-22.5932
711,128,-22.5935
712,128,-22.5932
713,128,-22.5935
714,128,-22.5932
715,128,-22.5935
716,128,-22.5932
717,128,-22.5935
718,128,-22.5933
719,128,-22.5935
720,128,-22.5933
721,128,-22.5934
722,128,-22.5934
723,128,-22.5934
724,128,-22.5934
725,128,-22.5934
726,128,-22.5934
727,128,-22.5934
728,128,-22.5934
729,128,-22.5934
730,128,-22.5935
731,128,-22.5934
732,128,-22.5935
733,128,-22.5934
734,128,-22.5935
735,128,-22.5934
736,128,-22.5935
737,128,-22.5934
738,128,-22.5935
739,128,-22.5934
740,128,-22.5935
741,128,-22.5934
742,128,-22.5934
743,128,-22.5934
744,128,-22.5934
745,128,-22.5934
746,128,-22.5934
747,128,-22.5934
748,128,-22.5934
749,128,-22.5934
750,128,-22.5934
751,128,-22.5934
752,128,-22.5934
753,128,-22.5934
754,128,-22.5934
755,128,-22.5934
756,128,-22.5934
757,128,-22.5934
758,128,-22.5934
759,128,-22.5934
760,128,-22.5934
761,128,-22.5934
762,128,-22.5934
763,128,-22.5934
764,128,-22.5934
765,128,-22.5934
766,128,-22.5934
767,128,-22.5934
768,128,-22.5934
769,128,-22.5934
770,128,-22.5934
771,128,-22.5934
772,128,-22.5934
773,128,-22.5934
774,128,-22.5934
775,128,-22.5934
776,128,-22.5934
777,128,-22.5934
778,128,-22.5934
779,128,-22.5934
780,128,-22.5934
781,128,-22.5934
782,128,-22.5934
783,128,-22.5934
784,128,-22.5934
785,128,-22.5934
786,128,-22.5934
787,128,-22.5934
788,128,-22.5934
789,128,-22.5934
790,128,-22.5934
791,128,-22.5934
792,128,-22.5934
793,128,-22.5934
794,128,-22.5934
795,128,-22.5934
796,128,-22.5934
797,128,-22.5934
798,128,-22.5934
799,128,-22.5934
800,128,-22.5934
801,128,-22.5934
802,128,-22.5934
803,128,-22.5934
804,128,-22.5934
805,128,-22.5934
806,128,-22.5934
807,128,-22.5934
808,128,-22.5934
809,128,-22.5934
810,128,-22.5934
811,128,-22.5934
812,128,-22.5934
813,128,-22.5934
814,128,-22.5934
815,128,-22.5934
816,128,-22.5934
817,128,-22.5934
818,128,-22.5934
819,128,-22.5934
820,128,-22.5934
821,128,-22.5934
822,128,-22.5934
823,128,-22.5934
824,128,-22.5934
825,128,-22.5934
826,128,-22.5934
827,128,-22.5934
828,128,-22.5934
829,128,-22.5934
830,128,-22.5934
831,128,-22.5934
832,128,-22.5934
833,128,-22.5934
834,128,-22.5934
835,128,-22.5934
836,128,-22.5934
837,128,-22.5934
838,128,-22.5934
839,128,-22.5934
840,128,-22.5934
841,128,-22.5934
842,128,-22.5934
843,128,-22.5934
844,128,-22.5934
845,128,-22.5934
846,128,-22.5934
847,128,-22.5934
848,128,-22.5934
849,128,-22.5934
850,128,-22.5934
851,128,-22.5934
852,128,-22.5934
853,128,-22.5934
854,128,-22.5934
855,128,-22.5934
856,128,-22.5934
857,128,-22.5934
858,128,-22.5934
859,128,-22.5934
860,128,-22.5934
861,128,-22.5934
862,128,-22.5934
863,128,-22.5934
864,128,-22.5934
865,128,-22.5934
866,128,-22.5934
867,128,-22.5934
868,128,-22.5934
869,128,-22.5934
870,128,-22.5934
871,128,-22.5934
872,128,-22.5934
873,128,-22.5934
874,128,-22.5934
875,128,-22.5934
876,128,-22.5934
877,128,-22.5934
878,128,-22.5934
879,128,-22.5934
880,128,-22.5934
881,128,-22.5934
882,128,-22.5934
883,128,-22.5934
884,128,-22.5934
885,128,-22.5934
886,128,-22.5934
887,128,-22.5934
888,128,-22.5934
889,128,-22.5934
890,128,-22.5934
891,128,-22.5934
892,128,-22.5934
893,128,-22.5934
894,128,-22.5934
895,128,-22.5934
896,128,-22.5934
897,128,-22.5934
898,128,-22.5934
899,128,-22.5934
900,128,-22.5934
901,128,-22.5934
902,128,-22.5934
903,128,-22.5934
904,128,-22.5934
905,128,-22.5934
906,128,-22.5934
907,128,-22.5934
908,128,-22.5934
909,128,-22.5934
910,128,-22.5934
911,128,-22.5934
912,128,-22.5934
913,128,-22.5934
914,128,-22.5934
915,128,-22.5934
916,128,-22.5934
917,128,-22.5934
918,128,-22.5934
919,128,-22.5934
920,128,-22.5934
921,128,-22.5934
922,128,-22.5934
923,128,-22.5934
924,128,-22.5934
925,128,-22.5934
926,128,-22.5934
927,128,-22.5934
928,128,-22.5934
929,128,-22.5934
930,128,-22.5934
931,128,-22.5934
932,128,-22.5934
933,128,-22.5934
934,128,-22.5934
935,128,-22.5934
936,128,-22.5934
937,128,-22.5934
938,128,-22.5934
939,128,-22.5934
940,128,-22.5934
941,128,-22.5934
942,128,-22.5934
943,128,-22.5934
944,128,-22.5934
945,128,-22.5934
946,128,-22.5934
947,128,-22.5934
948,128,-22.5934
949,128,-22.5934
950,128,-22.5934
951,128,-22.5934
952,128,-22.5934
953,128,-22.5934
954,128,-22.5934
955,128,-22.5934
956,128,-22.5934
957,128,-22.5934
958,128,-22.5934
959,128,-22.5934
960,128,-22.5934
961,128,-22.5934
962,128,-22.5934
963,128,-22.5934
964,128,-22.5934
965,128,-22.5934
966,128,-22.5934
967,128,-22.5934
968,128,-22.5934
969,128,-22.5934
970,128,-22.5934
971,128,-22.5934
972,128,-22.5934
973,128,-22.5934
974,128,-22.5934
975,128,-22.5934
976,128,-22.5934
977,128,-22.5934
978,128,-22.5934
979,128,-22.5934
980,128,-22.5934
981,128,-22.5934
982,128,-22.5934
983,128,-22.5934
984,128,-22.5934
985,128,-22.5934
986,128,-22.5934
987,128,-22.5934
988,128,-22.5934
989,128,-22.5934
990,128,-22.5934
991,128,-22.5934
992,128,-22.5934
993,128,-22.5934
994,128,-22.5934
995,128,-22.5934
996,128,-22.5934
997,128,-22.5934
998,128,-22.5934
999,128,-22.5934
1000,128,-22.5934
1001,128,-22.5934
1002,128,-22.5934
1003,128,-22.5934
1004,128,-22.5934
1005,128,-22.5934
1006,128,-22.5934
1007,128,-22.5934
1008,128,-22.5934
1009,128,-22.5934
1010,128,-22.5934
1011,128,-22.5934
1012,128,-22.5934
1013,128,-22.5934
1014,128,-22.5934
1015,128,-22.5934
1016,128,-22.5934
1017,128,-22.5934
1018,128,-22.5934
1019,128,-22.5934
1020,128,-22.5934
1021,128,-22.5934
1022,128,-22.5934
1023,128,-22.5934
1024,128,-22.5934
1025,128,-22.5934
1026,128,-22.5934
1027,128,-22.5934
1028,128,-22.5934
1029,128,-22.5934
1030,128,-22.5934
1031,128,-22.5934
1032,128,-22.5934
1033,128,-22.5934
1034,128,-22.5934
1035,128,-22.5934
1036,128,-22.5934
1037,128,-22.5934
1038,128,-22.5934
1039,128,-22.5934
1040,128,-22.5934
1041,128,-22.5934
1042,128,-22.5934
1043,128,-22.5934
1044,128,-22.5934
1045,128,-22.5934
1046,128,-22.5934
1047,128,-22.5934
1048,128,-22.5934
1049,128,-22.5934
1050,128,-22.5934
1051,128,-22.5934
1052,128,-22.5934
1053,128,-22.5934
1054,128,-22.5934
1055,128,-22.5934
1056,128,-22.5934
1057,128,-22.5934
1058,128,-22.5934
1059,128,-22.5934
1060,128,-22.5934
1061,128,-22.5934
1062,128,-22.5934
1063,128,-22.5934
1064,128,-22.5934
1065,128,-22.5934
1066,128,-22.5934
1067,128,-22.5934
1068,128,-22.5934
1069,128,-22.5934
1070,128,-22.5934
1071,128,-22.5934
1072,128,-22.5934
1073,128,-22.5934
1074,128,-22.5934
1075,128,-22.5934
1076,128,-22.5934
1077,128,-22.5934
1078,128,-22.5934
1079,128,-22.5934
1080,128,-22.5934
1081,128,-22.5934
1082,128,-22.5934
1083,128,-22.5934
1084,128,-22.5934
1085,128,-22.5934
1086,128,-22.5934
1087,128,-22.5934
1088,128,-22.5934
1089,128,-22.5934
1090,128,-22.5934
1091,128,-22.5934
1092,128,-22.5934
1093,128,-22.5934
1094,128,-22.5934
1095,128,-22.5934
1096,128,-22.5934
1097,128,-22.5934
1098,128,-22.5934
1099,128,-22.5934
1100,128,-22.5934
1101,128,-22.5934
1102,128,-22.5934
1103,128,-22.5934
1104,128,-22.5934
1105,128,-22.5934
1106,128,-22.5934
1107,128,-22.5934
1108,128,-22.5934
1109,128,-22.5934
1110,128,-22.5934
1111,128,-22.5934
1112,128,-22.5934
1113,128,-22.5934
1114,128,-22.5934
1115,128,-22.5934
1116,128,-22.5934
1117,128,-22.5934
1118,128,-22.5934
1119,128,-22.5934
1120,128,-22.5934
1121,128,-22.5934
1122,128,-22.5934
1123,128,-22.5934
1124,128,-22.5934
1125,128,-22.5934
1126,128,-22.5934
1127,128,-22.5934
1128,128,-22.5934
1129,128,-22.5934
1130,128,-22.5934
1131,128,-22.5934
1132,128,-22.5934
1133,128,-22.5934
1134,128,-22.5934
1135,128,-22.5934
1136,128,-22.5934
1137,128,-22.5934
1138,128,-22.5934
1139,128,-22.5934
1140,128,-22.5934
1141,128,-22.5934
1142,128,-22.5934
1143,128,-22.5934
1144,128,-22.5934
1145,128,-22.5934
1146,128,-22.5934
1147,128,-22.5934
1148,128,-22.5934
1149,128,-22.5934
1150,128,-22.5934
1151,128,-22.5934
1152,128,-22.5934
1153,128,-22.5934
1154,128,-22.5934
1155,128,-22.5934
1156,128,-22.5934
1157,128,-22.5934
1158,128,-22.5934
1159,128,-22.5934
1160,128,-22.5934
1161,128,-22.5934
1162,128,-22.5934
1163,128,-22.5934
1164,128,-22.5934
1165,128,-22.5934
1166,128,-22.5934
1167,128,-22.5934
1168,128,-22.5934
1169,128,-22.5934
1170,128,-22.5934
1171,128,-22.5934
1172,128,-22.5934
1173,128,-22.5934
1174,128,-22.5934
1175,128,-22.5934
1176,128,-22.5934
1177,128,-22.5934
1178,128,-22.5934
1179,128,-22.5934
1180,128,-22.5934
1181,128,-22.5934
1182,128,-22.5934
1183,128,-22.5934
1184,128,-22.5934
1185,128,-22.5934
1186,128,-22.5934
1187,128,-22.5934
1188,256,-22.3901
1189,256,-22.3897
1190,256,-22.3903
1191,256,-22.3897
1192,256,-22.3903
1193,256,-22.3896
1194,256,-22.3904
1195,256,-22.3896
1196,256,-22.3904
1197,256,-22.3896
1198,256,-22.3904
1199,256,-22.3897
1200,256,-22.3903
1201,256,-22.3897
1202,256,-22.3903
1203,256,-22.3897
1204,256,-22.3903
1205,256,-22.3898
1206,256,-22.3902
1207,256,-22.3898
1208,256,-22.3902
1209,256,-22.3899
1210,256,-22.3902
1211,256,-22.3899
1212,256,-22.3901
1213,256,-22.3899
1214,256,-22.3901
1215,256,-22.39
1216,256,-22.3901
1217,256,-22.39
1218,256,-22.3901
1219,256,-22.39
1220,256,-22.3901
1221,256,-22.39
1222,256,-22.3901
1223,256,-22.39
1224,256,-22.3901
1225,256,-22.39
1226,256,-22.3901
1227,256,-22.39
1228,256,-22.3901
1229,256,-22.39
1230,256,-22.3901
1231,256,-22.39
1232,256,-22.3901
1233,256,-22.3901
1234,256,-22.3901
1235,256,-22.3901
1236,256,-22.3901
1237,256,-22.3901
1238,256,-22.3901
1239,256,-22.3901
1240,256,-22.3901
1241,256,-22.3901
1242,256,-22.3901
1243,256,-22.3901
1244,256,-22.3901
1245,256,-22.3901
1246,256,-22.3901
1247,256,-22.3901
1248,256,-22.3901
1249,256,-22.3901
1250,256,-22.3901
1251,256,-22.3901
1252,256,-22.3901
1253,256,-22.3901
1254,256,-22.3901
1255,256,-22.3901
1256,256,-22.3901
1257,256,-22.3901
1258,256,-22.3901
1259,256,-22.3901
1260,256,-22.3901
1261,256,-22.3901
1262,256,-22.3901
1263,256,-22.3901
1264,256,-22.3901
1265,256,-22.3901
1266,256,-22.3901
1267,256,-22.3901
1268,256,-22.3901
1269,256,-22.3901
1270,256,-22.3901
1271,256,-22.3901
1272,256,-22.3901
1273,256,-22.3901
1274,256,-22.3901
1275,256,-22.3901
1276,256,-22.3901
1277,256,-22.3901
1278,256,-22.3901
1279,256,-22.3901
1280,256,-22.3901
1281,256,-22.3901
1282,256,-22.3901
1283,256,-22.3901
1284,256,-22.3901
1285,256,-22.3901
1286,256,-22.3901
1287,256,-22.3901
1288,256,-22.3901
1289,256,-22.3901
1290,256,-22.3901
1291,256,-22.3901
1292,256,-22.3901
1293,256,-22.3901
1294,256,-22.3901
1295,256,-22.3901
1296,256,-22.3901
1297,256,-22.3901
1298,256,-22.3901
1299,256,-22.3901
1300,256,-22.3901
1301,256,-22.3901
1302,256,-22.3901
1303,256,-22.3901
1304,256,-22.3901
1305,256,-22.3901
1306,256,-22.3901
1307,256,-22.3901
1308,256,-22.3901
1309,256,-22.3901
1310,256,-22.3901
1311,256,-22.3901
1312,256,-22.3901
1313,256,-22.3901
1314,256,-22.3901
1315,256,-22.3901
1316,256,-22.3901
1317,256,-22.3901
1318,256,-22.3901
1319,256,-22.3901
1320,256,-22.3901
1321,256,-22.3901
1322,256,-22.3901
1323,256,-22.3901
1324,256,-22.3901
1325,256,-22.3901
1326,256,-22.3901
1327,256,-22.3901
1328,256,-22.3901
1329,256,-22.3901
1330,256,-22.3901
1331,256,-22.3901
1332,256,-22.3901
1333,256,-22.3901
1334,256,-22.3901
1335,256,-22.3901
1336,256,-22.3901
1337,256,-22.3901
1338,256,-22.3901
1339,256,-22.3901
1340,256,-22.3901
1341,256,-22.3901
1342,256,-22.3901
1343,256,-22.3901
1344,256,-22.3901
1345,256,-22.3901
1346,256,-22.3901
1347,256,-22.3901
1348,256,-22.3901
1349,256,-22.3901
1350,256,-22.3901
1351,256,-22.3901
1352,256,-22.3901
1353,256,-22.3901
1354,256,-22.3901
1355,256,-22.3901
1356,256,-22.3901
1357,256,-22.3901
1358,256,-22.3901
1359,256,-22.3901
1360,256,-22.3901
1361,256,-22.3901
1362,256,-22.3901
1363,256,-22.3901
1364,256,-22.3901
1365,256,-22.3901
1366,256,-22.3901
1367,256,-22.3901
1368,256,-22.3901
1369,256,-22.3901
1370,256,-22.3901
1371,256,-22.3901
1372,256,-22.3901
1373,256,-22.3901
1374,256,-22.3901
1375,256,-22.3901
1376,256,-22.3901
1377,256,-22.3901
1378,256,-22.3901
1379,256,-22.3901
1380,256,-22.3901
1381,256,-22.3901
1382,256,-22.3901
1383,256,-22.3901
1384,256,-22.3901
1385,256,-22.3901
1386,256,-22.3901
1387,256,-22.3901
1388,256,-22.3901
1389,256,-22.3901
1390,256,-22.3901
1391,256,-22.3901
1392,256,-22.3901
1393,256,-22.3901
1394,256,-22.3901
1395,256,-22.3901
1396,256,-22.3901
1397,256,-22.3901
1398,256,-22.3901
1399,256,-22.3901
1400,256,-22.3901
1401,256,-22.3901
1402,256,-22.3901
1403,256,-22.3901
1404,256,-22.3901
1405,256,-22.3901
1406,256,-22.3901
1407,256,-22.3901
1408,256,-22.3901
1409,256,-22.3901
1410,256,-22.3901
1411,256,-22.3901
1412,256,-22.3901
1413,256,-22.3901
1414,256,-22.3901
1415,256,-22.3901
1416,256,-22.3901
1417,256,-22.3901
1418,256,-22.3901
1419,256,-22.3901
1420,256,-22.3901
1421,256,-22.3901
1422,256,-22.3901
1423,256,-22.3901
1424,256,-22.3901
1425,256,-22.3901
1426,256,-22.3901
1427,256,-22.3901
1428,256,-22.3901
1429,256,-22.3901
1430,256,-22.3901
1431,256,-22.3901
1432,256,-22.3901
1433,256,-22.3901
1434,256,-22.3901
1435,256,-22.3901
1436,256,-22.3901
1437,256,-22.3901
1438,256,-22.3901
1439,256,-22.3901
1440,256,-22.3901
1441,256,-22.3901
1442,256,-22.3901
1443,256,-22.3901
1444,256,-22.3901
1445,256,-22.3901
1446,256,-22.3901
1447,256,-22.3901
1448,256,-22.3901
1449,256,-22.3901
1450,256,-22.3901
1451,256,-22.3901
1452,256,-22.3901
1453,256,-22.3901
1454,256,-22.3901
1455,256,-22.3901
1456,256,-22.3901
1457,256,-22.3901
1458,256,-22.3901
1459,256,-22.3901
1460,256,-22.3901
1461,256,-22.3901
1462,256,-22.3901
1463,256,-22.3901
1464,256,-22.3901
1465,256,-22.3901
1466,256,-22.3901
1467,256,-22.3901
1468,256,-22.3901
1469,256,-22.3901
1470,256,-22.3901
1471,256,-22.3901
1472,256,-22.3901
1473,256,-22.3901
1474,256,-22.3901
1475,256,-22.3901
1476,256,-22.3901
1477,256,-22.3901
1478,256,-22.3901
1479,256,-22.3901
1480,256,-22.3901
1481,256,-22.3901
1482,256,-22.3901
1483,256,-22.3901
1484,256,-22.3901
1485,256,-22.3901
1486,256,-22.3901
1487,256,-22.3901
1488,256,-22.3901
1489,256,-22.3901
1490,256,-22.3901
1491,256,-22.3901
1492,256,-22.3901
1493,256,-22.3901
1494,256,-22.3901
1495,256,-22.3901
1496,256,-22.3901
1497,256,-22.3901
1498,256,-22.3901
1499,256,-22.3901
1500,256,-22.3901
1501,256,-22.3901
1502,256,-22.3901
1503,256,-22.3901
1504,256,-22.3901
1505,256,-22.3901
1506,256,-22.3901
1507,256,-22.3901
1508,256,-22.3901
1509,256,-22.3901
1510,256,-22.3901
1511,256,-22.3901
1512,256,-22.3901
1513,256,-22.3901
1514,256,-22.3901
1515,256,-22.3901
1516,256,-22.3901
1517,256,-22.3901
1518,256,-22.3901
1519,256,-22.3901
1520,256,-22.3901
1521,256,-22.3901
1522,256,-22.3901
1523,256,-22.3901
1524,256,-22.3901
1525,256,-22.3901
1526,256,-22.3901
1527,256,-22.3901
1528,256,-22.3901
1529,256,-22.3901
1530,256,-22.3901
1531,256,-22.3901
1532,256,-22.3901
1533,256,-22.3901
1534,256,-22.3901
1535,256,-22.3901
1536,256,-22.3901
1537,256,-22.3901
1538,256,-22.3901
1539,256,-22.3901
1540,256,-22.3901
1541,256,-22.3901
1542,256,-22.3901
1543,256,-22.3901
1544,256,-22.3901
1545,256,-22.3901
1546,256,-22.3901
1547,256,-22.3901
1548,256,-22.3901
1549,256,-22.3901
1550,256,-22.3901
1551,256,-22.3901
1552,256,-22.3901
1553,256,-22.3901
1554,256,-22.3901
1555,256,-22.3901
1556,256,-22.3901
1557,256,-22.3901
1558,256,-22.3901
1559,256,-22.3901
1560,256,-22.3901
1561,256,-22.3901
1562,256,-22.3901
1563,256,-22.3901
1564,256,-22.3901
1565,256,-22.3901
1566,256,-22.3901
1567,256,-22.3901
1568,256,-22.3901
1569,256,-22.3901
1570,256,-22.3901
1571,256,-22.3901
1572,256,-22.3901
1573,256,-22.3901
1574,256,-22.3901
1575,256,-22.3901
1576,256,-22.3901
1577,256,-22.3901
1578,256,-22.3901
1579,256,-22.3901
1580,256,-22.3901
1581,256,-22.3901
1582,256,-22.3901
1583,256,-22.3901
1584,256,-22.3901
1585,256,-22.3901
1586,256,-22.3901
1587,256,-22.3901
1588,256,-22.3901
1589,256,-22.3901
1590,256,-22.3901
1591,256,-22.3901
1592,256,-22.3901
1593,256,-22.3901
1594,256,-22.3901
1595,256,-22.3901
1596,256,-22.3901
1597,256,-22.3901
1598,256,-22.3901
1599,256,-22.3901
1600,256,-22.3901
1601,256,-22.3901
1602,256,-22.3901
1603,256,-22.3901
1604,256,-22.3901
1605,256,-22.3901
1606,256,-22.3901
1607,256,-22.3901
1608,256,-22.3901
1609,256,-22.3901
1610,256,-22.3901
1611,256,-22.3901
1612,256,-22.3901
1613,256,-22.3901
1614,256,-22.3901
1615,256,-22.3901
1616,256,-22.3901
1617,256,-22.3901
1618,256,-22.3901
1619,256,-22.3901
1620,256,-22.3901
1621,256,-22.3901
1622,256,-22.3901
1623,256,-22.3901
1624,256,-22.3901
1625,256,-22.3901
1626,256,-22.3901
1627,256,-22.3901
1628,256,-22.3901
1629,256,-22.3901
1630,256,-22.3901
1631,256,-22.3901
1632,256,-22.3901
1633,256,-22.3901
1634,256,-22.3901
1635,256,-22.3901
1636,256,-22.3901
1637,256,-22.3901
1638,256,-22.3901
1639,256,-22.3901
1640,256,-22.3901
1641,256,-22.3901
1642,256,-22.3901
1643,256,-22.3901
1644,256,-22.3901
1645,256,-22.3901
1646,256,-22.3901
1647,256,-22.3901
1648,256,-22.3901
1649,256,-22.3901
1650,256,-22.3901
1651,256,-22.3901
1652,256,-22.3901
1653,256,-22.3901
1654,256,-22.3901
1655,256,-22.3901
1656,256,-22.3901
1657,256,-22.3901
1658,256,-22.3901
1659,256,-22.3901
1660,256,-22.3901
1661,256,-22.3901
1662,256,-22.3901
1663,256,-22.3901
1664,256,-22.3901
1665,256,-22.3901
1666,256,-22.3901
1667,256,-22.3901
1668,256,-22.3901
1669,256,-22.3901
1670,256,-22.3901
1671,256,-22.3901
1672,256,-22.3901
1673,256,-22.3901
1674,256,-22.3901
1675,256,-22.3901
1676,256,-22.3901
1677,256,-22.3901
1678,256,-22.3901
1679,256,-22.3901
1680,256,-22.3901
1681,256,-22.3901
1682,256,-22.3901
1683,256,-22.3901
1684,256,-22.3901
1685,256,-22.3901
1686,256,-22.3901
1687,256,-22.3901
1688,256,-22.3901
1689,256,-22.3901
1690,256,-22.3901
1691,256,-22.3901
1692,256,-22.3901
1693,256,-22.3901
1694,256,-22.3901
1695,256,-22.3901
1696,256,-22.3901
1697,256,-22.3901
1698,256,-22.3901
1699,256,-22.3901
1700,256,-22.3901
1701,256,-22.3901
1702,256,-22.3901
1703,256,-22.3901
1704,256,-22.3901
1705,256,-22.3901
1706,256,-22.3901
1707,256,-22.3901
1708,256,-22.3901
1709,256,-22.3901
1710,256,-22.3901
1711,256,-22.3901
1712,256,-22.3901
1713,256,-22.3901
1714,256,-22.3901
1715,256,-22.3901
1716,256,-22.3901
1717,256,-22.3901
1718,256,-22.3901
1719,256,-22.3901
1720,256,-22.3901
1721,256,-22.3901
1722,256,-22.3901
1723,256,-22.3901
1724,256,-22.3901
1725,256,-22.3901
1726,256,-22.3901
1727,256,-22.3901
1728,256,-22.3901
1729,256,-22.3901
1730,256,-22.3901
1731,256,-22.3901
1732,256,-22.3901
1733,256,-22.3901
1734,256,-22.3901
1735,256,-22.3901
1736,256,-22.3901
1737,256,-22.3901
1738,256,-22.3901
1739,256,-22.3901
1740,256,-22.3901
1741,256,-22.3901
1742,256,-22.3901
1743,256,-22.3901
1744,256,-22.3901
1745,256,-22.3901
1746,256,-22.3901
1747,256,-22.3901
1748,256,-22.3901
1749,256,-22.3901
1750,256,-22.3901
1751,256,-22.3901
1752,256,-22.3901
1753,256,-22.3901
1754,256,-22.3901
1755,256,-22.3901
1756,256,-22.3901
1757,256,-22.3901
1758,256,-22.3901
1759,256,-22.3901
1760,256,-22.3901
1761,256,-22.3901
1762,256,-22.3901
1763,256,-22.3901
1764,256,-22.3901
1765,256,-22.3901
1766,256,-22.3901
1767,256,-22.3901
1768,256,-22.3901
1769,256,-22.3901
1770,256,-22.3901
1771,256,-22.3901
1772,256,-22.3901
1773,256,-22.3901
1774,256,-22.3901
1775,256,-22.3901
1776,256,-22.3901
1777,256,-22.3901
1778,256,-22.3901
1779,256,-22.3901
1780,256,-22.3901
1781,256,-22.3901
1782,256,-22.3901
1783,256,-22.3901
1784,256,-22.3901
1785,256,-22.3901
1786,256,-22.3901
1787,256,-22.3901
1788,256,-22.3901
1789,256,-22.3901
1790,256,-22.3901
1791,256,-22.3901
1792,256,-22.3901
1793,256,-22.3901
1794,256,-22.3901
1795,256,-22.3901
1796,256,-22.3901
1797,256,-22.3901
1798,256,-22.3901
1799,256,-22.3901
1800,256,-22.3901
1801,256,-22.3901
1802,256,-22.3901
1803,256,-22.3901
1804,256,-22.3901
1805,256,-22.3901
1806,256,-22.3901
1807,256,-22.3901
1808,256,-22.3901
1809,256,-22.3901
1810,256,-22.3901
1811,256,-22.3901
1812,256,-22.3901
1813,256,-22.3901
1814,256,-22.3901
1815,256,-22.3901
1816,256,-22.3901
1817,256,-22.3901
1818,256,-22.3901
1819,256,-22.3901
1820,256,-22.3901
1821,256,-22.3901
1822,256,-22.3901
1823,256,-22.3901
1824,256,-22.3901
1825,256,-22.3901
1826,256,-22.3901
1827,256,-22.3901
1828,256,-22.3901
1829,256,-22.3901
1830,256,-22.3901
1831,256,-22.3901
1832,256,-22.3901
1833,256,-22.3901
1834,256,-22.3901
1835,256,-22.3901
1836,256,-22.3901
1837,256,-22.3901
1838,256,-22.3901
1839,256,-22.3901
1840,256,-22.3901
1841,256,-22.3901
1842,256,-22.3901
1843,256,-22.3901
1844,256,-22.3901
1845,256,-22.3901
1846,256,-22.3901
1847,256,-22.3901
1848,256,-22.3901
1849,256,-22.3901
1850,256,-22.3901
1851,256,-22.3901
1852,256,-22.3901
1853,256,-22.3901
1854,256,-22.3901
1855,256,-22.3901
1856,256,-22.3901
1857,256,-22.3901
1858,256,-22.3901
1859,256,-22.3901
1860,256,-22.3901
1861,256,-22.3901
1862,256,-22.3901
1863,256,-22.3901
1864,256,-22.3901
1865,256,-22.3901
1866,256,-22.3901
1867,256,-22.3901
1868,256,-22.3901
1869,256,-22.3901
1870,256,-22.3901
1871,256,-22.3901
1872,256,-22.3901
1873,256,-22.3901
1874,256,-22.3901
1875,256,-22.3901
1876,256,-22.3901
1877,256,-22.3901
1878,256,-22.3901
1879,256,-22.3901
1880,256,-22.3901
1881,256,-22.3901
1882,256,-22.3901
1883,256,-22.3901
1884,256,-22.3901
1885,256,-22.3901
1886,256,-22.3901
1887,256,-22.3901
1888,256,-22.3901
1889,256,-22.3901
1890,256,-22.3901
1891,256,-22.3901
1892,256,-22.3901
1893,256,-22.3901
1894,256,-22.3901
1895,256,-22.3901
1896,256,-22.3901
1897,256,-22.3901
1898,256,-22.3901
1899,256,-22.3901
1900,256,-22.3901
1901,256,-22.3901
1902,256,-22.3901
1903,256,-22.3901
1904,256,-22.3901
1905,256,-22.3901
1906,256,-22.3901
1907,256,-22.3901
1908,256,-22.3901
1909,256,-22.3901
1910,256,-22.3901
1911,256,-22.3901
1912,256,-22.3901
1913,256,-22.3901
1914,256,-22.3901
1915,256,-22.3901
1916,256,-22.3901
1917,256,-22.3901
1918,256,-22.3901
1919,256,-22.3901
1920,256,-22.3901
1921,256,-22.3901
1922,256,-22.3901
1923,256,-22.3901
1924,256,-22.3901
1925,256,-22.3901
1926,256,-22.3901
1927,256,-22.3901
1928,256,-22.3901
1929,256,-22.3901
1930,256,-22.3901
1931,256,-22.3901
1932,256,-22.3901
1933,256,-22.3901
1934,256,-22.3901
1935,256,-22.3901
1936,256,-22.3901
1937,256,-22.3901
1938,256,-22.3901
1939,256,-22.3901
1940,256,-22.3901
1941,256,-22.3901
1942,256,-22.3901
1943,256,-22.3901
1944,256,-22.3901
1945,256,-22.3901
1946,256,-22.3901
1947,256,-22.3901
1948,256,-22.3901
1949,256,-22.3901
1950,256,-22.3901
1951,256,-22.3901
1952,256,-22.3901
1953,256,-22.3901
1954,256,-22.3901
1955,256,-22.3901
1956,256,-22.3901
1957,256,-22.3901
1958,256,-22.3901
1959,256,-22.3901
1960,256,-22.3901
1961,256,-22.3901
1962,256,-22.3901
1963,256,-22.3901
1964,256,-22.3901
1965,256,-22.3901
1966,256,-22.3901
1967,256,-22.3901
1968,256,-22.3901
1969,256,-22.3901
1970,256,-22.3901
1971,256,-22.3901
1972,256,-22.3901
1973,256,-22.3901
1974,256,-22.3901
1975,256,-22.3901
1976,256,-22.3901
1977,256,-22.3901
1978,256,-22.3901
1979,256,-22.3901
1980,256,-22.3901
1981,256,-22.3901
1982,256,-22.3901
1983,256,-22.3901
1984,256,-22.3901
1985,256,-22.3901
1986,256,-22.3901
1987,256,-22.3901
1988,256,-22.3901
1989,256,-22.3901
1990,256,-22.3901
1991,256,-22.3901
1992,256,-22.3901
1993,256,-22.3901
1994,256,-22.3901
1995,256,-22.3901
1996,256,-22.3901
1997,256,-22.3901
1998,256,-22.3901
1999,256,-22.3901
2000,256,-22.3901
2001,256,-22.3901
2002,256,-22.3901
2003,256,-22.3901
2004,256,-22.3901
2005,256,-22.3901
2006,256,-22.3901
2007,256,-22.3901
2008,256,-22.3901
2009,256,-22.3901
2010,256,-22.3901
2011,256,-22.3901
2012,256,-22.3901
2013,256,-22.3901
2014,256,-22.3901
2015,256,-22.3901
2016,256,-22.3901
2017,256,-22.3901
2018,256,-22.3901
2019,256,-22.3901
2020,256,-22.3901
2021,256,-22.3901
2022,256,-22.3901
2023,256,-22.3901
2024,256,-22.3901
2025,256,-22.3901
2026,256,-22.3901
2027,256,-22.3901
2028,256,-22.3901
2029,256,-22.3901
2030,256,-22.3901
2031,256,-22.3901
2032,256,-22.3901
2033,256,-22.3901
2034,256,-22.3901
2035,256,-22.3901
2036,256,-22.3901
2037,256,-22.3901
2038,256,-22.3901
2039,256,-22.3901
2040,256,-22.3901
2041,256,-22.3901
2042,256,-22.3901
2043,256,-22.3901
2044,256,-22.3901
2045,256,-22.3901
2046,256,-22.3901
2047,256,-22.3901
2048,256,-22.3901
2049,256,-22.3901
2050,256,-22.3901
2051,256,-22.3901
2052,256,-22.3901
2053,256,-22.3901
2054,256,-22.3901
2055,256,-22.3901
2056,256,-22.3901
2057,256,-22.3901
2058,256,-22.3901
2059,256,-22.3901
2060,256,-22.3901
2061,256,-22.3901
2062,256,-22.3901
2063,256,-22.3901
2064,256,-22.3901
2065,256,-22.3901
2066,256,-22.3901
2067,256,-22.3901
2068,256,-22.3901
2069,256,-22.3901
2070,256,-22.3901
2071,256,-22.3901
2072,256,-22.3901
2073,256,-22.3901
2074,256,-22.3901
2075,256,-22.3901
2076,256,-22.3901
2077,256,-22.3901
2078,256,-22.3901
2079,256,-22.3901
2080,256,-22.3901
2081,256,-22.3901
2082,256,-22.3901
2083,256,-22.3901
2084,256,-22.3901
2085,256,-22.3901
2086,256,-22.3901
2087,256,-22.3901
2088,256,-22.3901
2089,256,-22.3901
2090,256,-22.3901
2091,256,-22.3901
2092,256,-22.3901
2093,256,-22.3901
2094,256,-22.3901
2095,256,-22.3901
2096,256,-22.3901
2097,256,-22.3901
2098,256,-22.3901
2099,256,-22.3901
2100,256,-22.3901
2101,256,-22.3901
2102,256,-22.3901
2103,256,-22.3901
2104,256,-22.3901
2105,256,-22.3901
2106,256,-22.3901
2107,256,-22.3901
2108,256,-22.3901
2109,256,-22.3901
2110,256,-22.3901
2111,256,-22.3901
2112,256,-22.3901
2113,256,-22.3901
2114,256,-22.3901
2115,256,-22.3901
2116,256,-22.3901
2117,256,-22.3901
2118,256,-22.3901
2119,256,-22.3901
2120,256,-22.3901
2121,256,-22.3901
2122,256,-22.3901
2123,256,-22.3901
2124,256,-22.3901
2125,256,-22.3901
2126,256,-22.3901
2127,256,-22.3901
2128,256,-22.3901
2129,256,-22.3901
2130,256,-22.3901
2131,256,-22.3901
2132,256,-22.3901
2133,256,-22.3901
2134,256,-22.3901
2135,256,-22.3901
2136,256,-22.3901
2137,256,-22.3901
2138,256,-22.3901
2139,256,-22.3901
2140,256,-22.3901
2141,256,-22.3901
2142,256,-22.3901
2143,256,-22.3901
2144,256,-22.3901
2145,256,-22.3901
2146,256,-22.3901
2147,256,-22.3901
2148,256,-22.3901
2149,256,-22.3901
2150,256,-22.3901
2151,256,-22.3901
2152,256,-22.3901
2153,256,-22.3901
2154,256,-22.3901
2155,256,-22.3901
2156,256,-22.3901
2157,256,-22.3901
2158,256,-22.3901
2159,256,-22.3901
2160,256,-22.3901
2161,256,-22.3901
2162,256,-22.3901
2163,256,-22.3901
2164,256,-22.3901
2165,256,-22.3901
2166,256,-22.3901
2167,256,-22.3901
2168,256,-22.3901
2169,256,-22.3901
2170,256,-22.3901
2171,256,-22.3901
2172,256,-22.3901
2173,256,-22.3901
2174,256,-22.3901
2175,256,-22.3901
2176,256,-22.3901
2177,256,-22.3901
2178,256,-22.3901
2179,256,-22.3901
2180,256,-22.3901
2181,256,-22.3901
2182,256,-22.3901
2183,256,-22.3901
2184,256,-22.3901
2185,256,-22.3901
2186,256,-22.3901
2187,256,-22.3901
2188,256,-22.3901
2189,256,-22.3901
2190,256,-22.3901
2191,256,-22.3901
2192,256,-22.3901
2193,256,-22.3901
2194,256,-22.3901
2195,256,-22.3901
2196,256,-22.3901
2197,256,-22.3901
2198,256,-22.3901
2199,256,-22.3901
2200,256,-22.3901
2201,256,-22.3901
2202,256,-22.3901
2203,256,-22.3901
2204,256,-22.3901
2205,256,-22.3901
2206,256,-22.3901
2207,256,-22.3901
2208,256,-22.3901
2209,256,-22.3901
2210,256,-22.3901
2211,256,-22.3901
2212,256,-22.3901
2213,256,-22.3901
2214,256,-22.3901
2215,256,-22.3901
2216,256,-22.3901
2217,256,-22.3901
2218,256,-22.3901
2219,256,-22.3901
2220,256,-22.3901
2221,256,-22.3901
2222,256,-22.3901
2223,256,-22.3901
2224,256,-22.3901
2225,256,-22.3901
2226,256,-22.3901
2227,256,-22.3901
2228,256,-22.3901
2229,256,-22.3901
2230,256,-22.3901
2231,256,-22.3901
2232,256,-22.3901
2233,256,-22.3901
2234,256,-22.3901
2235,256,-22.3901
2236,256,-22.3901
2237,256,-22.3901
2238,256,-22.3901
2239,256,-22.3901
2240,256,-22.3901
2241,256,-22.3901
2242,256,-22.3901
2243,256,-22.3901
2244,256,-22.3901
2245,256,-22.3901
2246,256,-22.3901
2247,256,-22.3901
2248,256,-22.3901
2249,256,-22.3901
2250,256,-22.3901
2251,256,-22.3901
2252,256,-22.3901
2253,256,-22.3901
2254,256,-22.3901
2255,256,-22.3901
2256,256,-22.3901
2257,256,-22.3901
2258,256,-22.3901
2259,256,-22.3901
2260,256,-22.3901
2261,256,-22.3901
2262,256,-22.3901
2263,256,-22.3901
2264,256,-22.3901
2265,256,-22.3901
2266,256,-22.3901
2267,256,-22.3901
2268,256,-22.3901
2269,256,-22.3901
2270,256,-22.3901
2271,256,-22.3901
2272,256,-22.3901
2273,256,-22.3901
2274,256,-22.3901
2275,256,-22.3901
2276,256,-22.3901
2277,256,-22.3901
2278,256,-22.3901
2279,256,-22.3901
2280,256,-22.3901
2281,256,-22.3901
2282,256,-22.3901
2283,256,-22.3901
2284,256,-22.3901
2285,256,-22.3901
2286,256,-22.3901
2287,256,-22.3901
2288,256,-22.3901
2289,256,-22.3901
2290,256,-22.3901
2291,256,-22.3901
2292,256,-22.3901
2293,256,-22.3901
2294,256,-22.3901
2295,256,-22.3901
2296,256,-22.3901
2297,256,-22.3901
2298,256,-22.3901
2299,256,-22.3901
2300,256,-22.3901
2301,256,-22.3901
2302,256,-22.3901
2303,256,-22.3901
2304,256,-22.3901
2305,256,-22.3901
2306,256,-22.3901
2307,256,-22.3901
2308,256,-22.3901
2309,256,-22.3901
2310,256,-22.3901
2311,256,-22.3901
2312,256,-22.3901
2313,256,-22.3901
2314,512,-22.2959
2315,512,-22.2958
2316,512,-22.2959
2317,512,-22.2958
2318,512,-22.2959
2319,512,-22.2958
2320,512,-22.2959
2321,512,-22.2958
2322,512,-22.2959
2323,512,-22.2958
2324,512,-22.2959
2325,512,-22.2958
2326,512,-22.2959
2327,512,-22.2958
2328,512,-22.2959
2329,512,-22.2958
2330,512,-22.2959
2331,512,-22.2958
2332,512,-22.2959
2333,512,-22.2958
2334,512,-22.2959
2335,512,-22.2958
2336,512,-22.2959
2337,512,-22.2958
2338,512,-22.2959
2339,512,-22.2958
2340,512,-22.2959
2341,512,-22.2958
2342,512,-22.2959
2343,512,-22.2958
2344,512,-22.2959
2345,512,-22.2958
2346,512,-22.2959
2347,512,-22.2958
2348,512,-22.2959
2349,512,-22.2958
2350,512,-22.2959
2351,512,-22.2958
2352,512,-22.2959
2353,512,-22.2958
2354,512,-22.2959
2355,512,-22.2958
2356,512,-22.2959
2357,512,-22.2958
2358,512,-22.2958
2359,512,-22.2958
2360,512,-22.2958
2361,512,-22.2958
2362,512,-22.2958
2363,512,-22.2958
2364,512,-22.2958
2365,512,-22.2958
2366,512,-22.2958
2367,512,-22.2958
2368,512,-22.2958
2369,512,-22.2958
2370,512,-22.2958
2371,512,-22.2958
2372,512,-22.2958
2373,512,-22.2958
2374,512,-22.2958
2375,512,-22.2958
2376,512,-22.2958
2377,512,-22.2958
2378,512,-22.2958
2379,512,-22.2958
2380,512,-22.2958
2381,512,-22.2958
2382,512,-22.2958
2383,512,-22.2958
2384,512,-22.2958
2385,512,-22.2958
2386,512,-22.2958
2387,512,-22.2958
2388,512,-22.2958
2389,512,-22.2958
2390,512,-22.2958
2391,512,-22.2958
2392,512,-22.2958
2393,512,-22.2958
2394,512,-22.2958
2395,512,-22.2958
2396,512,-22.2958
2397,512,-22.2958
2398,512,-22.2958
2399,512,-22.2958
2400,512,-22.2958
2401,512,-22.2958
2402,512,-22.2958
2403,512,-22.2958
2404,512,-22.2958
2405,512,-22.2958
2406,512,-22.2958
2407,512,-22.2958
2408,512,-22.2958
2409,512,-22.2958
2410,512,-22.2958
2411,512,-22.2958
2412,512,-22.2958
2413,512,-22.2958
2414,512,-22.2958
2415,512,-22.2958
2416,512,-22.2958
2417,512,-22.2958
2418,512,-22.2959
2419,512,-22.2959
2420,512,-22.2959
2421,512,-22.2959
2422,512,-22.2959
2423,512,-22.2959
2424,512,-22.2959
2425,512,-22.2959
2426,512,-22.2959
2427,512,-22.2959
2428,512,-22.2959
2429,512,-22.2959
2430,512,-22.2959
2431,512,-22.2959
2432,512,-22.2959
2433,512,-22.2959
2434,512,-22.2959
2435,512,-22.2959
2436,512,-22.2959
2437,512,-22.2959
2438,512,-22.2959
2439,512,-22.2959
2440,512,-22.2959
2441,512,-22.2959
2442,512,-22.2959
2443,512,-22.2959
2444,512,-22.2959
2445,512,-22.2959
2446,512,-22.2959
2447,512,-22.2959
2448,512,-22.2959
2449,512,-22.2959
2450,512,-22.2959
2451,512,-22.2959
2452,512,-22.2959
2453,512,-22.2959
2454,512,-22.2959
2455,512,-22.2959
2456,512,-22.2959
2457,512,-22.2959
2458,512,-22.2959
2459,512,-22.2959
2460,512,-22.2959
2461,512,-22.2959
2462,512,-22.2959
2463,512,-22.2959
2464,512,-22.2959
2465,512,-22.2959
2466,512,-22.2959
2467,512,-22.2959
2468,512,-22.2959
2469,512,-22.2959
2470,512,-22.2959
2471,512,-22.2959
2472,512,-22.2959
2473,512,-22.2959
2474,512,-22.2959
2475,512,-22.2959
2476,512,-22.2959
2477,512,-22.2959
2478,512,-22.2959
2479,512,-22.2959
2480,512,-22.2959
2481,512,-22.2959
2482,512,-22.2959
2483,512,-22.2959
2484,512,-22.2959
2485,512,-22.2959
2486,512,-22.2959
2487,512,-22.2959
2488,512,-22.2959
2489,512,-22.2959
2490,512,-22.2959
2491,512,-22.2959
2492,512,-22.2959
2493,512,-22.2959
2494,512,-22.2959
2495,512,-22.2959
2496,512,-22.2959
2497,512,-22.2959
2498,512,-22.2959
2499,512,-22.2959
2500,512,-22.2959
2501,512,-22.2959
2502,512,-22.2959
2503,512,-22.2959
2504,512,-22.2959
2505,512,-22.2959
2506,512,-22.2959
2507,512,-22.2959
2508,512,-22.2959
2509,512,-22.2959
2510,512,-22.2959
2511,512,-22.2959
2512,512,-22.2959
2513,512,-22.2959
2514,512,-22.2959
2515,512,-22.2959
2516,512,-22.2959
2517,512,-22.2959
2518,512,-22.2959
2519,512,-22.2959
2520,512,-22.2959
2521,512,-22.2959
2522,512,-22.2959
2523,512,-22.2959
2524,512,-22.2959
2525,512,-22.2959
2526,512,-22.2959
2527,512,-22.2959
2528,512,-22.2959
2529,512,-22.2959
2530,512,-22.2959
2531,512,-22.2959
2532,512,-22.2959
2533,512,-22.2959
2534,512,-22.2959
2535,512,-22.2959
2536,512,-22.2959
2537,512,-22.2959
2538,512,-22.2959
2539,512,-22.2959
2540,512,-22.2959
2541,512,-22.2959
2542,512,-22.2959
2543,512,-22.2959
2544,512,-22.2959
2545,512,-22.2959
2546,512,-22.2959
2547,512,-22.2959
2548,512,-22.2959
2549,512,-22.2959
2550,512,-22.2959
2551,512,-22.2959
2552,512,-22.2959
2553,512,-22.2959
2554,512,-22.2959
2555,512,-22.2959
2556,512,-22.2959
2557,512,-22.2959
2558,512,-22.2959
2559,512,-22.2959
2560,512,-22.2959
2561,512,-22.2959
2562,512,-22.2959
2563,512,-22.2959
2564,512,-22.2959
2565,512,-22.2959
2566,512,-22.2959
2567,512,-22.2959
2568,512,-22.2959
2569,512,-22.2959
2570,512,-22.2959
2571,512,-22.2959
2572,512,-22.2959
2573,512,-22.2959
2574,512,-22.2959
2575,512,-22.2959
2576,512,-22.2959
2577,512,-22.2959
2578,512,-22.2959
2579,512,-22.2959
2580,512,-22.2959
2581,512,-22.2959
2582,512,-22.2959
2583,512,-22.2959
2584,512,-22.2959
2585,512,-22.2959
2586,512,-22.2959
2587,512,-22.2959
2588,512,-22.2959
2589,512,-22.2959
2590,512,-22.2959
2591,512,-22.2959
2592,512,-22.2959
2593,512,-22.2959
2594,512,-22.2959
2595,512,-22.2959
2596,512,-22.2959
2597,512,-22.2959
2598,512,-22.2959
2599,512,-22.2959
2600,512,-22.2959
2601,512,-22.2959
2602,512,-22.2959
2603,512,-22.2959
2604,512,-22.2959
2605,512,-22.2959
2606,512,-22.2959
2607,512,-22.2959
2608,512,-22.2959
2609,512,-22.2959
2610,512,-22.2959
2611,512,-22.2959
2612,512,-22.2959
2613,512,-22.2959
2614,512,-22.2959
2615,512,-22.2959
2616,512,-22.2959
2617,512,-22.2959
2618,512,-22.2959
2619,512,-22.2959
2620,512,-22.2959
2621,512,-22.2959
2622,512,-22.2959
2623,512,-22.2959
2624,512,-22.2959
2625,512,-22.2959
2626,512,-22.2959
2627,512,-22.2959
2628,512,-22.2959
2629,512,-22.2959
2630,512,-22.2959
2631,512,-22.2959
2632,512,-22.2959
2633,512,-22.2959
2634,512,-22.2959
2635,512,-22.2959
2636,512,-22.2959
2637,512,-22.2959
2638,512,-22.2959
2639,512,-22.2959
2640,512,-22.2959
2641,512,-22.2959
2642,512,-22.2959
2643,512,-22.2959
2644,512,-22.2959
2645,512,-22.2959
2646,512,-22.2959
2647,512,-22.2959
2648,512,-22.2959
2649,512,-22.2959
2650,512,-22.2959
2651,512,-22.2959
2652,512,-22.2959
2653,512,-22.2959
2654,512,-22.2959
2655,512,-22.2959
2656,512,-22.2959
2657,512,-22.2959
2658,512,-22.2959
2659,512,-22.2959
2660,512,-22.2959
2661,512,-22.2959
2662,512,-22.2959
2663,512,-22.2959
2664,512,-22.2959
2665,512,-22.2959
2666,512,-22.2959
2667,512,-22.2959
2668,512,-22.2959
2669,512,-22.2959
2670,512,-22.2959
2671,512,-22.2959
2672,512,-22.2959
2673,512,-22.2959
2674,512,-22.2959
2675,512,-22.2959
2676,512,-22.2959
2677,512,-22.2959
2678,512,-22.2959
2679,512,-22.2959
2680,512,-22.2959
2681,512,-22.2959
2682,512,-22.2959
2683,512,-22.2959
2684,512,-22.2959
2685,512,-22.2959
2686,512,-22.2959
2687,512,-22.2959
2688,512,-22.2959
2689,512,-22.2959
2690,512,-22.2959
2691,512,-22.2959
2692,512,-22.2959
2693,512,-22.2959
2694,512,-22.2959
2695,512,-22.2959
2696,512,-22.2959
2697,512,-22.2959
2698,512,-22.2959
2699,512,-22.2959
2700,512,-22.2959
2701,512,-22.2959
2702,512,-22.2959
2703,512,-22.2959
2704,512,-22.2959
2705,512,-22.2959
2706,512,-22.2959
2707,512,-22.2959
2708,512,-22.2959
2709,512,-22.2959
2710,512,-22.2959
2711,512,-22.2959
2712,512,-22.2959
2713,512,-22.2959
2714,512,-22.2959
2715,512,-22.2959
2716,512,-22.2959
2717,512,-22.2959
2718,512,-22.2959
2719,512,-22.2959
2720,512,-22.2959
2721,512,-22.2959
2722,512,-22.2959
2723,512,-22.2959
2724,512,-22.2959
2725,512,-22.2959
2726,512,-22.2959
2727,512,-22.2959
2728,512,-22.2959
2729,512,-22.2959
2730,512,-22.2959
2731,512,-22.2959
2732,512,-22.2959
2733,512,-22.2959
2734,512,-22.2959
2735,512,-22.2959
2736,512,-22.2959
2737,512,-22.2959
2738,512,-22.2959
2739,512,-22.2959
2740,512,-22.2959
2741,512,-22.2959
2742,512,-22.2959
2743,512,-22.2959
2744,512,-22.2959
2745,512,-22.2959
2746,512,-22.2959
2747,512,-22.2959
2748,512,-22.2959
2749,512,-22.2959
2750,512,-22.2959
2751,512,-22.2959
2752,512,-22.2959
2753,512,-22.2959
2754,512,-22.2959
2755,512,-22.2959
2756,512,-22.2959
2757,512,-22.2959
2758,512,-22.2959
2759,512,-22.2959
2760,512,-22.2959
2761,512,-22.2959
2762,512,-22.2959
2763,512,-22.2959
2764,512,-22.2959
2765,512,-22.2959
2766,512,-22.2959
2767,512,-22.2959
2768,512,-22.2959
2769,512,-22.2959
2770,512,-22.2959
2771,512,-22.2959
2772,512,-22.2959
2773,512,-22.2959
2774,512,-22.2959
2775,512,-22.2959
2776,512,-22.2959
2777,512,-22.2959
2778,512,-22.2959
2779,512,-22.2959
2780,512,-22.2959
2781,512,-22.2959
2782,512,-22.2959
2783,512,-22.2959
2784,512,-22.2959
2785,512,-22.2959
2786,512,-22.2959
2787,512,-22.2959
2788,512,-22.2959
2789,512,-22.2959
2790,512,-22.2959
2791,512,-22.2959
2792,512,-22.2959
2793,512,-22.2959
2794,512,-22.2959
2795,512,-22.2959
2796,512,-22.2959
2797,512,-22.2959
2798,512,-22.2959
2799,512,-22.2959
2800,512,-22.2959
2801,512,-22.2959
2802,512,-22.2959
2803,512,-22.2959
2804,512,-22.2959
2805,512,-22.2959
2806,512,-22.2959
2807,512,-22.2959
2808,512,-22.2959
2809,512,-22.2959
2810,512,-22.2959
2811,512,-22.2959
2812,512,-22.2959
2813,512,-22.2959
2814,512,-22.2959
2815,512,-22.2959
2816,512,-22.2959
2817,512,-22.2959
2818,512,-22.2959
2819,512,-22.2959
2820,512,-22.2959
2821,512,-22.2959
2822,512,-22.2959
2823,512,-22.2959
2824,512,-22.2959
2825,512,-22.2959
2826,512,-22.2959
2827,512,-22.2959
2828,512,-22.2959
2829,512,-22.2959
2830,512,-22.2959
2831,512,-22.2959
2832,512,-22.2959
2833,512,-22.2959
2834,512,-22.2959
2835,512,-22.2959
2836,512,-22.2959
2837,512,-22.2959
2838,512,-22.2959
2839,512,-22.2959
2840,512,-22.2959
2841,512,-22.2959
2842,512,-22.2959
2843,512,-22.2959
2844,512,-22.2959
2845,512,-22.2959
2846,512,-22.2959
2847,512,-22.2959
2848,512,-22.2959
2849,512,-22.2959
2850,512,-22.2959
2851,512,-22.2959
2852,512,-22.2959
2853,512,-22.2959
2854,512,-22.2959
2855,512,-22.2959
2856,512,-22.2959
2857,512,-22.2959
2858,512,-22.2959
2859,512,-22.2959
2860,512,-22.2959
2861,512,-22.2959
2862,512,-22.2959
2863,512,-22.2959
2864,512,-22.2959
2865,512,-22.2959
2866,512,-22.2959
2867,512,-22.2959
2868,512,-22.2959
2869,512,-22.2959
2870,512,-22.2959
2871,512,-22.2959
2872,512,-22.2959
2873,512,-22.2959
2874,512,-22.2959
2875,512,-22.2959
2876,512,-22.2959
2877,512,-22.2959
2878,512,-22.2959
2879,512,-22.2959
2880,512,-22.2959
2881,512,-22.2959
2882,512,-22.2959
2883,512,-22.2959
2884,512,-22.2959
2885,512,-22.2959
2886,512,-22.2959
2887,512,-22.2959
2888,512,-22.2959
2889,512,-22.2959
2890,512,-22.2959
2891,512,-22.2959
2892,512,-22.2959
2893,512,-22.2959
2894,512,-22.2959
2895,512,-22.2959
2896,512,-22.2959
2897,512,-22.2959
2898,512,-22.2959
2899,512,-22.2959
2900,512,-22.2959
2901,512,-22.2959
2902,512,-22.2959
2903,512,-22.2959
2904,512,-22.2959
2905,512,-22.2959
2906,512,-22.2959
2907,512,-22.2959
2908,512,-22.2959
2909,512,-22.2959
2910,512,-22.2959
2911,512,-22.2959
2912,512,-22.2959
2913,512,-22.2959
2914,512,-22.2959
2915,512,-22.2959
2916,512,-22.2959
2917,512,-22.2959
2918,512,-22.2959
2919,512,-22.2959
2920,512,-22.2959
2921,512,-22.2959
2922,512,-22.2959
2923,512,-22.2959
2924,512,-22.2959
2925,512,-22.2959
2926,512,-22.2959
2927,512,-22.2959
2928,512,-22.2959
2929,512,-22.2959
2930,512,-22.2959
2931,512,-22.2959
2932,512,-22.2959
2933,512,-22.2959
2934,512,-22.2959
2935,512,-22.2959
2936,512,-22.2959
2937,512,-22.2959
2938,512,-22.2959
2939,512,-22.2959
2940,512,-22.2959
2941,512,-22.2959
2942,512,-22.2959
2943,512,-22.2959
2944,512,-22.2959
2945,512,-22.2959
2946,512,-22.2959
2947,512,-22.2959
2948,512,-22.2959
2949,512,-22.2959
2950,512,-22.2959
2951,512,-22.2959
2952,512,-22.2959
2953,512,-22.2959
2954,512,-22.2959
2955,512,-22.2959
2956,512,-22.2959
2957,512,-22.2959
2958,512,-22.2959
2959,512,-22.2959
2960,512,-22.2959
2961,512,-22.2959
2962,512,-22.2959
2963,512,-22.2959
2964,512,-22.2959
2965,512,-22.2959
2966,512,-22.2959
2967,512,-22.2959
2968,512,-22.2959
2969,512,-22.2959
2970,512,-22.2959
2971,512,-22.2959
2972,512,-22.2959
2973,512,-22.2959
2974,512,-22.2959
2975,512,-22.2959
2976,512,-22.2959
2977,512,-22.2959
2978,512,-22.2959
2979,512,-22.2959
2980,512,-22.2959
2981,512,-22.2959
2982,512,-22.2959
2983,512,-22.2959
2984,512,-22.2959
2985,512,-22.2959
2986,512,-22.2959
2987,512,-22.2959
2988,512,-22.2959
2989,512,-22.2959
2990,512,-22.2959
2991,512,-22.2959
2992,512,-22.2959
2993,512,-22.2959
2994,512,-22.2959
2995,512,-22.2959
2996,512,-22.2959
2997,512,-22.2959
2998,512,-22.2959
2999,512,-22.2959
3000,512,-22.2959
3001,512,-22.2959
3002,512,-22.2959
3003,512,-22.2959
3004,512,-22.2959
3005,512,-22.2959
3006,512,-22.2959
3007,512,-22.2959
3008,512,-22.2959
3009,512,-22.2959
3010,512,-22.2959
3011,512,-22.2959
3012,512,-22.2959
3013,512,-22.2959
3014,512,-22.2959
3015,512,-22.2959
3016,512,-22.2959
3017,512,-22.2959
3018,512,-22.2959
3019,512,-22.2959
3020,512,-22.2959
3021,512,-22.2959
3022,512,-22.2959
3023,512,-22.2959
3024,512,-22.2959
3025,512,-22.2959
3026,512,-22.2959
3027,512,-22.2959
3028,512,-22.2959
3029,512,-22.2959
3030,512,-22.2959
3031,512,-22.2959
3032,512,-22.2959
3033,512,-22.2959
3034,512,-22.2959
3035,512,-22.2959
3036,512,-22.2959
3037,512,-22.2959
3038,512,-22.2959
3039,512,-22.2959
3040,512,-22.2959
3041,512,-22.2959
3042,512,-22.2959
3043,512,-22.2959
3044,512,-22.2959
3045,512,-22.2959
3046,512,-22.2959
3047,512,-22.2959
3048,512,-22.2959
3049,512,-22.2959
3050,512,-22.2959
3051,512,-22.2959
3052,512,-22.2959
3053,512,-22.2959
3054,512,-22.2959
3055,512,-22.2959
3056,512,-22.2959
3057,512,-22.2959
3058,512,-22.2959
3059,512,-22.2959
3060,512,-22.2959
3061,512,-22.2959
3062,512,-22.2959
3063,512,-22.2959
3064,512,-22.2959
3065,512,-22.2959
3066,512,-22.2959
3067,512,-22.2959
3068,512,-22.2959
3069,512,-22.2959
3070,512,-22.2959
3071,512,-22.2959
3072,512,-22.2959
3073,512,-22.2959
3074,512,-22.2959
3075,512,-22.2959
3076,512,-22.2959
3077,512,-22.2959
3078,512,-22.2959
3079,512,-22.2959
3080,512,-22.2959
3081,512,-22.2959
3082,512,-22.2959
3083,512,-22.2959
3084,512,-22.2959
3085,512,-22.2959
3086,512,-22.2959
3087,512,-22.2959
3088,512,-22.2959
3089,512,-22.2959
3090,512,-22.2959
3091,512,-22.2959
3092,512,-22.2959
3093,512,-22.2959
3094,512,-22.2959
3095,512,-22.2959
3096,512,-22.2959
3097,512,-22.2959
3098,512,-22.2959
3099,512,-22.2959
3100,512,-22.2959
3101,512,-22.2959
3102,512,-22.2959
3103,512,-22.2959
3104,512,-22.2959
3105,512,-22.2959
3106,512,-22.2959
3107,512,-22.2959
3108,512,-22.2959
3109,512,-22.2959
3110,512,-22.2959
3111,512,-22.2959
3112,512,-22.2959
3113,512,-22.2959
3114,512,-22.2959
3115,512,-22.2959
3116,512,-22.2959
3117,512,-22.2959
3118,512,-22.2959
3119,512,-22.2959
3120,512,-22.2959
3121,512,-22.2959
3122,512,-22.2959
3123,512,-22.2959
3124,512,-22.2959
3125,512,-22.2959
3126,512,-22.2959
3127,512,-22.2959
3128,512,-22.2959
3129,512,-22.2959
3130,512,-22.2959
3131,512,-22.2959
3132,512,-22.2959
3133,512,-22.2959
3134,512,-22.2959
3135,512,-22.2959
3136,512,-22.2959
3137,512,-22.2959
3138,512,-22.2959
3139,512,-22.2959
3140,512,-22.2959
3141,512,-22.2959
3142,512,-22.2959
3143,512,-22.2959
3144,512,-22.2959
3145,512,-22.2959
3146,512,-22.2959
3147,512,-22.2959
3148,512,-22.2959
3149,512,-22.2959
3150,512,-22.2959
3151,512,-22.2959
3152,512,-22.2959
3153,512,-22.2959
3154,512,-22.2959
3155,512,-22.2959
3156,512,-22.2959
3157,512,-22.2959
3158,512,-22.2959
3159,512,-22.2959
3160,512,-22.2959
3161,512,-22.2959
3162,512,-22.2959
3163,512,-22.2959
3164,512,-22.2959
3165,512,-22.2959
3166,512,-22.2959
3167,512,-22.2959
3168,512,-22.2959
3169,512,-22.2959
3170,512,-22.2959
3171,512,-22.2959
3172,512,-22.2959
3173,512,-22.2959
3174,512,-22.2959
3175,512,-22.2959
3176,512,-22.2959
3177,512,-22.2959
3178,512,-22.2959
3179,512,-22.2959
3180,512,-22.2959
3181,512,-22.2959
3182,512,-22.2959
3183,512,-22.2959
3184,512,-22.2959
3185,512,-22.2959
3186,512,-22.2959
3187,512,-22.2959
3188,512,-22.2959
3189,512,-22.2959
3190,512,-22.2959
3191,512,-22.2959
3192,512,-22.2959
3193,512,-22.2959
3194,512,-22.2959
3195,512,-22.2959
3196,512,-22.2959
3197,512,-22.2959
3198,512,-22.2959
3199,512,-22.2959
3200,512,-22.2959
3201,512,-22.2959
3202,512,-22.2959
3203,512,-22.2959
3204,512,-22.2959
3205,512,-22.2959
3206,512,-22.2959
3207,512,-22.2959
3208,512,-22.2959
3209,512,-22.2959
3210,512,-22.2959
3211,512,-22.2959
3212,512,-22.2959
3213,512,-22.2959
3214,512,-22.2959
3215,512,-22.2959
3216,512,-22.2959
3217,512,-22.2959
3218,512,-22.2959
3219,512,-22.2959
3220,512,-22.2959
3221,512,-22.2959
3222,512,-22.2959
3223,512,-22.2959
3224,512,-22.2959
3225,512,-22.2959
3226,512,-22.2959
3227,512,-22.2959
3228,512,-22.2959
3229,512,-22.2959
3230,512,-22.2959
3231,512,-22.2959
3232,512,-22.2959
3233,512,-22.2959
3234,512,-22.2959
3235,512,-22.2959
3236,512,-22.2959
3237,512,-22.2959
3238,512,-22.2959
3239,512,-22.2959
3240,512,-22.2959
3241,512,-22.2959
3242,512,-22.2959
3243,512,-22.2959
3244,512,-22.2959
3245,512,-22.2959
3246,512,-22.2959
3247,512,-22.2959
3248,512,-22.2959
3249,512,-22.2959
3250,512,-22.2959
3251,512,-22.2959
3252,512,-22.2959
3253,512,-22.2959
3254,512,-22.2959
3255,512,-22.2959
3256,512,-22.2959
3257,512,-22.2959
3258,512,-22.2959
3259,512,-22.2959
3260,512,-22.2959
3261,512,-22.2959
3262,512,-22.2959
3263,512,-22.2959
3264,512,-22.2959
3265,512,-22.2959
3266,512,-22.2959
3267,512,-22.2959
3268,512,-22.2959
3269,512,-22.2959
3270,512,-22.2959
3271,512,-22.2959
3272,512,-22.2959
3273,512,-22.2959
3274,512,-22.2959
3275,512,-22.2959
3276,512,-22.2959
3277,512,-22.2959
3278,512,-22.2959
3279,512,-22.2959
3280,512,-22.2959
3281,512,-22.2959
3282,512,-22.2959
3283,512,-22.2959
3284,512,-22.2959
3285,512,-22.2959
3286,512,-22.2959
3287,512,-22.2959
3288,512,-22.2959
3289,512,-22.2959
3290,512,-22.2959
3291,512,-22.2959
3292,512,-22.2959
3293,512,-22.2959
3294,512,-22.2959
3295,512,-22.2959
3296,512,-22.2959
3297,512,-22.2959
3298,512,-22.2959
3299,512,-22.2959
3300,512,-22.2959
3301,512,-22.2959
3302,512,-22.2959
3303,512,-22.2959
3304,512,-22.2959
3305,512,-22.2959
3306,512,-22.2959
3307,512,-22.2959
3308,512,-22.2959
3309,512,-22.2959
3310,512,-22.2959
3311,512,-22.2959
3312,512,-22.2959
3313,512,-22.2959
3314,512,-22.2959
3315,512,-22.2959
3316,512,-22.2959
3317,512,-22.2959
3318,512,-22.2959
3319,512,-22.2959
3320,512,-22.2959
3321,512,-22.2959
3322,512,-22.2959
3323,512,-22.2959
3324,512,-22.2959
3325,512,-22.2959
3326,512,-22.2959
3327,512,-22.2959
3328,512,-22.2959
3329,512,-22.2959
3330,512,-22.2959
3331,512,-22.2959
3332,512,-22.2959
3333,512,-22.2959
3334,512,-22.2959
3335,512,-22.2959
3336,512,-22.2959
3337,512,-22.2959
3338,512,-22.2959
3339,512,-22.2959
3340,512,-22.2959
3341,512,-22.2959
3342,512,-22.2959
3343,512,-22.2959
3344,512,-22.2959
3345,512,-22.2959
3346,512,-22.2959
3347,512,-22.2959
3348,512,-22.2959
3349,512,-22.2959
3350,512,-22.2959
3351,512,-22.2959
3352,512,-22.2959
3353,512,-22.2959
3354,512,-22.2959
3355,512,-22.2959
3356,512,-22.2959
3357,512,-22.2959
3358,512,-22.2959
3359,512,-22.2959
3360,512,-22.2959
3361,512,-22.2959
3362,512,-22.2959
3363,512,-22.2959
3364,512,-22.2959
3365,512,-22.2959
3366,512,-22.2959
3367,512,-22.2959
3368,512,-22.2959
3369,512,-22.2959
3370,512,-22.2959
3371,512,-22.2959
3372,512,-22.2959
3373,512,-22.2959
3374,512,-22.2959
3375,512,-22.2959
3376,512,-22.2959
3377,512,-22.2959
3378,512,-22.2959
3379,512,-22.2959
3380,512,-22.2959
3381,512,-22.2959
3382,512,-22.2959
3383,512,-22.2959
3384,512,-22.2959
3385,512,-22.2959
3386,512,-22.2959
3387,512,-22.2959
3388,512,-22.2959
3389,512,-22.2959
3390,512,-22.2959
3391,512,-22.2959
3392,512,-22.2959
3393,512,-22.2959
3394,512,-22.2959
3395,512,-22.2959
3396,512,-22.2959
3397,512,-22.2959
3398,512,-22.2959
3399,512,-22.2959
3400,512,-22.2959
3401,512,-22.2959
3402,512,-22.2959
3403,512,-22.2959
3404,512,-22.2959
3405,512,-22.2959
3406,512,-22.2959
3407,512,-22.2959
3408,512,-22.2959
3409,512,-22.2959
3410,512,-22.2959
3411,512,-22.2959
3412,512,-22.2959
3413,512,-22.2959
3414,512,-22.2959
3415,512,-22.2959
3416,512,-22.2959
3417,512,-22.2959
3418,512,-22.2959
3419,512,-22.2959
3420,512,-22.2959
3421,512,-22.2959
3422,512,-22.2959
3423,512,-22.2959
3424,512,-22.2959
3425,512,-22.2959
3426,512,-22.2959
3427,512,-22.2959
3428,512,-22.2959
3429,512,-22.2959
3430,512,-22.2959
3431,512,-22.2959
3432,512,-22.2959
3433,512,-22.2959
3434,512,-22.2959
3435,512,-22.2959
3436,512,-22.2959
3437,512,-22.2959
3438,512,-22.2959
3439,512,-22.2959
3440,512,-22.2959
3441,512,-22.2959
3442,512,-22.2959
3443,512,-22.2959
3444,512,-22.2959
3445,512,-22.2959
3446,512,-22.2959
3447,512,-22.2959
3448,512,-22.2959
3449,512,-22.2959
3450,512,-22.2959
3451,512,-22.2959
3452,512,-22.2959
3453,512,-22.2959
3454,512,-22.2959
3455,512,-22.2959
3456,512,-22.2959
3457,512,-22.2959
3458,512,-22.2959
3459,512,-22.2959
3460,512,-22.2959
3461,512,-22.2959
3462,512,-22.2959
3463,512,-22.2959
3464,512,-22.2959
3465,512,-22.2959
3466,512,-22.2959
3467,512,-22.2959
3468,512,-22.2959
3469,512,-22.2959
3470,512,-22.2959
3471,512,-22.2959
3472,512,-22.2959
3473,512,-22.2959
3474,512,-22.2959
3475,512,-22.2959
3476,512,-22.2959
3477,512,-22.2959
3478,512,-22.2959
3479,512,-22.2959
3480,512,-22.2959
3481,512,-22.2959
3482,512,-22.2959
3483,512,-22.2959
3484,512,-22.2959
3485,512,-22.2959
3486,512,-22.2959
3487,512,-22.2959
3488,512,-22.2959
3489,512,-22.2959
3490,512,-22.2959
3491,512,-22.2959
3492,512,-22.2959
3493,512,-22.2959
3494,512,-22.2959
3495,512,-22.2959
3496,512,-22.2959
3497,512,-22.2959
3498,512,-22.2959
3499,512,-22.2959
3500,512,-22.2959
3501,512,-22.2959
3502,512,-22.2959
3503,512,-22.2959
3504,512,-22.2959
3505,512,-22.2959
3506,512,-22.2959
3507,512,-22.2959
3508,512,-22.2959
3509,512,-22.2959
3510,512,-22.2959
3511,512,-22.2959
3512,512,-22.2959
3513,512,-22.2959
3514,512,-22.2959
3515,512,-22.2959
3516,512,-22.2959
3517,512,-22.2959
3518,512,-22.2959
3519,512,-22.2959
3520,512,-22.2959
3521,512,-22.2959
3522,512,-22.2959
3523,512,-22.2959
3524,512,-22.2959
3525,512,-22.2959
3526,512,-22.2959
3527,512,-22.2959
3528,512,-22.2959
3529,512,-22.2959
3530,512,-22.2959
3531,512,-22.2959
3532,512,-22.2959
3533,512,-22.2959
3534,512,-22.2959
3535,512,-22.2959
3536,512,-22.2959
3537,512,-22.2959
3538,512,-22.2959
3539,512,-22.2959
3540,512,-22.2959
3541,512,-22.2959
3542,512,-22.2959
3543,512,-22.2959
3544,512,-22.2959
3545,512,-22.2959
3546,512,-22.2959
3547,512,-22.2959
3548,512,-22.2959
3549,512,-22.2959
3550,512,-22.2959
3551,512,-22.2959
3552,512,-22.2959
3553,512,-22.2959
3554,512,-22.2959
3555,512,-22.2959
3556,512,-22.2959
3557,512,-22.2959
3558,512,-22.2959
3559,512,-22.2959
3560,512,-22.2959
3561,512,-22.2959
3562,512,-22.2959
3563,512,-22.2959
3564,512,-22.2959
3565,512,-22.2959
3566,512,-22.2959
3567,512,-22.2959
3568,512,-22.2959
3569,512,-22.2959
3570,512,-22.2959
3571,512,-22.2959
3572,512,-22.2959
3573,512,-22.2959
3574,512,-22.2959
3575,512,-22.2959
3576,512,-22.2959
3577,512,-22.2959
3578,512,-22.2959
3579,512,-22.2959
3580,512,-22.2959
3581,512,-22.2959
3582,512,-22.2959
3583,512,-22.2959
3584,512,-22.2959
3585,512,-22.2959
3586,512,-22.2959
3587,512,-22.2959
3588,512,-22.2959
3589,512,-22.2959
3590,512,-22.2959
3591,512,-22.2959
3592,512,-22.2959
3593,512,-22.2959
3594,512,-22.2959
3595,512,-22.2959
3596,512,-22.2959
3597,512,-22.2959
3598,512,-22.2959
3599,512,-22.2959
3600,512,-22.2959
3601,512,-22.2959
3602,512,-22.2959
3603,512,-22.2959
3604,512,-22.2959
3605,512,-22.2959
3606,512,-22.2959
3607,512,-22.2959
3608,512,-22.2959
3609,512,-22.2959
3610,512,-22.2959
3611,512,-22.2959
3612,512,-22.2959
3613,512,-22.2959
3614,512,-22.2959
3615,512,-22.2959
3616,512,-22.2959
3617,512,-22.2959
3618,512,-22.2959
3619,512,-22.2959
3620,512,-22.2959
3621,512,-22.2959
3622,512,-22.2959
3623,512,-22.2959
3624,512,-22.2959
3625,512,-22.2959
3626,512,-22.2959
3627,512,-22.2959
3628,512,-22.2959
3629,512,-22.2959
3630,512,-22.2959
3631,512,-22.2959
3632,512,-22.2959
3633,512,-22.2959
3634,512,-22.2959
3635,512,-22.2959
3636,512,-22.2959
3637,512,-22.2959
3638,512,-22.2959
3639,512,-22.2959
3640,512,-22.2959
3641,512,-22.2959
3642,512,-22.2959
3643,512,-22.2959
3644,512,-22.2959
3645,512,-22.2959
3646,512,-22.2959
3647,512,-22.2959
3648,512,-22.2959
3649,512,-22.2959
3650,512,-22.2959
3651,512,-22.2959
3652,512,-22.2959
3653,512,-22.2959
3654,512,-22.2959
3655,512,-22.2959
3656,512,-22.2959
3657,512,-22.2959
3658,512,-22.2959
3659,512,-22.2959
3660,512,-22.2959
3661,512,-22.2959
3662,512,-22.2959
3663,512,-22.2959
3664,512,-22.2959
3665,512,-22.2959
3666,512,-22.2959
3667,512,-22.2959
3668,512,-22.2959
3669,512,-22.2959
3670,512,-22.2959
3671,512,-22.2959
3672,512,-22.2959
3673,512,-22.2959
3674,512,-22.2959
3675,512,-22.2959
3676,512,-22.2959
3677,512,-22.2959
3678,512,-22.2959
3679,512,-22.2959
3680,512,-22.2959
3681,512,-22.2959
3682,512,-22.2959
3683,512,-22.2959
3684,512,-22.2959
3685,512,-22.2959
3686,512,-22.2959
3687,512,-22.2959
3688,512,-22.2959
3689,512,-22.2959
3690,512,-22.2959
3691,512,-22.2959
3692,512,-22.2959
3693,512,-22.2959
3694,512,-22.2959
3695,512,-22.2959
3696,512,-22.2959
3697,512,-22.2959
3698,512,-22.2959
3699,512,-22.2959
3700,512,-22.2959
3701,512,-22.2959
3702,512,-22.2959
3703,512,-22.2959
3704,512,-22.2959
3705,512,-22.2959
3706,512,-22.2959
3707,512,-22.2959
3708,512,-22.2959
3709,512,-22.2959
3710,512,-22.2959
3711,512,-22.2959
3712,512,-22.2959
3713,512,-22.2959
3714,512,-22.2959
3715,512,-22.2959
3716,512,-22.2959
3717,512,-22.2959
3718,512,-22.2959
3719,512,-22.2959
3720,512,-22.2959
3721,512,-22.2959
3722,512,-22.2959
3723,512,-22.2959
3724,512,-22.2959
3725,512,-22.2959
3726,512,-22.2959
3727,512,-22.2959
3728,512,-22.2959
3729,512,-22.2959
3730,512,-22.2959
3731,512,-22.2959
3732,512,-22.2959
3733,512,-22.2959
3734,512,-22.2959
3735,512,-22.2959
3736,512,-22.2959
3737,512,-22.2959
3738,512,-22.2959
3739,512,-22.2959
3740,512,-22.2959
3741,512,-22.2959
3742,512,-22.2959
3743,512,-22.2959
3744,512,-22.2959
3745,512,-22.2959
3746,512,-22.2959
3747,512,-22.2959
3748,512,-22.2959
3749,512,-22.2959
3750,512,-22.2959
3751,512,-22.2959
3752,512,-22.2959
3753,512,-22.2959
3754,512,-22.2959
3755,512,-22.2959
3756,512,-22.2959
3757,512,-22.2959
3758,512,-22.2959
3759,512,-22.2959
3760,512,-22.2959
3761,512,-22.2959
3762,512,-22.2959
3763,512,-22.2959
3764,512,-22.2959
3765,512,-22.2959
3766,512,-22.2959
3767,512,-22.2959
3768,512,-22.2959
3769,512,-22.2959
3770,512,-22.2959
3771,512,-22.2959
3772,512,-22.2959
3773,512,-22.2959
3774,512,-22.2959
3775,512,-22.2959
3776,512,-22.2959
3777,512,-22.2959
3778,512,-22.2959
3779,512,-22.2959
3780,512,-22.2959
3781,512,-22.2959
3782,512,-22.2959
3783,512,-22.2959
3784,512,-22.2959
3785,512,-22.2959
3786,512,-22.2959
3787,512,-22.2959
3788,512,-22.2959
3789,512,-22.2959
3790,512,-22.2959
3791,512,-22.2959
3792,512,-22.2959
3793,512,-22.2959
3794,512,-22.2959
3795,512,-22.2959
3796,512,-22.2959
3797,512,-22.2959
3798,512,-22.2959
3799,512,-22.2959
3800,512,-22.2959
3801,512,-22.2959
3802,512,-22.2959
3803,512,-22.2959
3804,512,-22.2959
3805,512,-22.2959
3806,512,-22.2959
3807,512,-22.2959
3808,512,-22.2959
3809,512,-22.2959
3810,512,-22.2959
3811,512,-22.2959
3812,512,-22.2959
3813,512,-22.2959
3814,512,-22.2959
3815,512,-22.2959
3816,512,-22.2959
3817,512,-22.2959
3818,512,-22.2959
3819,512,-22.2959
3820,512,-22.2959
3821,512,-22.2959
3822,512,-22.2959
3823,512,-22.2959
3824,512,-22.2959
3825,512,-22.2959
3826,512,-22.2959
3827,512,-22.2959
3828,512,-22.2959
3829,512,-22.2959
3830,512,-22.2959
3831,512,-22.2959
3832,512,-22.2959
3833,512,-22.2959
3834,512,-22.2959
3835,512,-22.2959
3836,512,-22.2959
3837,512,-22.2959
3838,512,-22.2959
3839,512,-22.2959
3840,512,-22.2959
3841,512,-22.2959
3842,512,-22.2959
3843,512,-22.2959
3844,512,-22.2959
3845,512,-22.2959
3846,512,-22.2959
3847,512,-22.2959
3848,512,-22.2959
3849,512,-22.2959
3850,512,-22.2959
3851,512,-22.2959
3852,512,-22.2959
3853,512,-22.2959
3854,512,-22.2959
3855,512,-22.2959
3856,512,-22.2959
3857,512,-22.2959
3858,512,-22.2959
3859,512,-22.2959
3860,512,-22.2959
3861,512,-22.2959
3862,512,-22.2959
3863,512,-22.2959
3864,512,-22.2959
3865,512,-22.2959
3866,512,-22.2959
3867,512,-22.2959
3868,512,-22.2959
3869,512,-22.2959
3870,512,-22.2959
3871,512,-22.2959
3872,512,-22.2959
3873,512,-22.2959
3874,512,-22.2959
3875,512,-22.2959
3876,512,-22.2959
3877,512,-22.2959
3878,512,-22.2959
3879,512,-22.2959
3880,512,-22.2959
3881,512,-22.2959
3882,512,-22.2959
3883,512,-22.2959
3884,512,-22.2959
3885,512,-22.2959
3886,512,-22.2959
3887,512,-22.2959
3888,512,-22.2959
3889,512,-22.2959
3890,512,-22.2959
3891,512,-22.2959
3892,512,-22.2959
3893,512,-22.2959
3894,512,-22.2959
3895,512,-22.2959
3896,512,-22.2959
3897,512,-22.2959
3898,512,-22.2959
3899,512,-22.2959
3900,512,-22.2959
3901,512,-22.2959
3902,512,-22.2959
3903,512,-22.2959
3904,512,-22.2959
3905,512,-22.2959
3906,512,-22.2959
3907,512,-22.2959
3908,512,-22.2959
3909,512,-22.2959
3910,512,-22.2959
3911,512,-22.2959
3912,512,-22.2959
3913,512,-22.2959
3914,512,-22.2959
3915,512,-22.2959
3916,512,-22.2959
3917,512,-22.2959
3918,512,-22.2959
3919,512,-22.2959
3920,512,-22.2959
3921,512,-22.2959
3922,512,-22.2959
3923,512,-22.2959
3924,512,-22.2959
3925,512,-22.2959
3926,512,-22.2959
3927,512,-22.2959
3928,512,-22.2959
3929,512,-22.2959
3930,512,-22.2959
3931,512,-22.2959
3932,512,-22.2959
3933,512,-22.2959
3934,512,-22.2959
3935,512,-22.2959
3936,512,-22.2959
3937,512,-22.2959
3938,512,-22.2959
3939,512,-22.2959
3940,512,-22.2959
3941,512,-22.2959
3942,512,-22.2959
3943,512,-22.2959
3944,512,-22.2959
3945,512,-22.2959
3946,512,-22.2959
3947,512,-22.2959
3948,512,-22.2959
3949,512,-22.2959
3950,512,-22.2959
3951,512,-22.2959
3952,512,-22.2959
3953,512,-22.2959
3954,512,-22.2959
3955,512,-22.2959
3956,512,-22.2959
3957,512,-22.2959
3958,512,-22.2959
3959,512,-22.2959
3960,512,-22.2959
3961,512,-22.2959
3962,512,-22.2959
3963,512,-22.2959
3964,512,-22.2959
3965,512,-22.2959
3966,512,-22.2959
3967,512,-22.2959
3968,512,-22.2959
3969,512,-22.2959
3970,512,-22.2959
3971,512,-22.2959
3972,512,-22.2959
3973,512,-22.2959
3974,512,-22.2959
3975,512,-22.2959
3976,512,-22.2959
3977,512,-22.2959
3978,512,-22.2959
3979,512,-22.2959
3980,512,-22.2959
3981,512,-22.2959
3982,512,-22.2959
3983,512,-22.2959
3984,512,-22.2959
3985,512,-22.2959
3986,512,-22.2959
3987,512,-22.2959
3988,512,-22.2959
3989,512,-22.2959
3990,512,-22.2959
3991,512,-22.2959
3992,512,-22.2959
3993,512,-22.2959
3994,512,-22.2959
3995,512,-22.2959
3996,512,-22.2959
3997,512,-22.2959
3998,512,-22.2959
3999,512,-22.2959
4000,512,-22.2959
4001,512,-22.2959
4002,512,-22.2959
4003,512,-22.2959
4004,512,-22.2959
4005,512,-22.2959
4006,512,-22.2959
4007,512,-22.2959
4008,512,-22.2959
4009,512,-22.2959
4010,512,-22.2959
4011,512,-22.2959
4012,512,-22.2959
4013,512,-22.2959
4014,512,-22.2959
4015,512,-22.2959
4016,512,-22.2959
4017,512,-22.2959
4018,512,-22.2959
4019,512,-22.2959
4020,512,-22.2959
4021,512,-22.2959
4022,512,-22.2959
4023,512,-22.2959
4024,512,-22.2959
4025,512,-22.2959
4026,512,-22.2959
4027,512,-22.2959
4028,512,-22.2959
4029,512,-22.2959
4030,512,-22.2959
4031,512,-22.2959
4032,512,-22.2959
4033,512,-22.2959
4034,512,-22.2959
4035,512,-22.2959
4036,512,-22.2959
4037,512,-22.2959
4038,512,-22.2959
4039,512,-22.2959
4040,512,-22.2959
4041,512,-22.2959
4042,512,-22.2959
4043,512,-22.2959
4044,512,-22.2959
4045,512,-22.2959
4046,512,-22.2959
4047,512,-22.2959
4048,512,-22.2959
4049,512,-22.2959
4050,512,-22.2959
4051,512,-22.2959
4052,512,-22.2959
4053,512,-22.2959
4054,512,-22.2959
4055,512,-22.2959
4056,512,-22.2959
4057,512,-22.2959
4058,512,-22.2959
4059,512,-22.2959
4060,512,-22.2959
4061,512,-22.2959
4062,512,-22.2959
4063,512,-22.2959
4064,512,-22.2959
4065,512,-22.2959
4066,512,-22.2959
4067,512,-22.2959
4068,512,-22.2959
4069,512,-22.2959
4070,512,-22.2959
4071,512,-22.2959
4072,512,-22.2959
4073,512,-22.2959
4074,512,-22.2959
4075,512,-22.2959
4076,512,-22.2959
4077,512,-22.2959
4078,512,-22.2959
4079,512,-22.2959
4080,512,-22.2959
4081,512,-22.2959
4082,512,-22.2959
4083,512,-22.2959
4084,512,-22.2959
4085,512,-22.2959
4086,512,-22.2959
4087,512,-22.2959
4088,512,-22.2959
4089,512,-22.2959
4090,512,-22.2959
4091,512,-22.2959
4092,512,-22.2959
4093,512,-22.2959
4094,512,-22.2959
4095,512,-22.2959
4096,512,-22.2959
4097,512,-22.2959
4098,512,-22.2959
4099,512,-22.2959
4100,512,-22.2959
4101,512,-22.2959
4102,512,-22.2959
4103,512,-22.2959
4104,512,-22.2959
4105,512,-22.2959
4106,512,-22.2959
4107,512,-22.2959
4108,512,-22.2959
4109,512,-22.2959
4110,512,-22.2959
4111,512,-22.2959
4112,512,-22.2959
4113,512,-22.2959
4114,512,-22.2959
4115,512,-22.2959
4116,512,-22.2959
4117,512,-22.2959
4118,512,-22.2959
4119,512,-22.2959
4120,512,-22.2959
4121,512,-22.2959
4122,512,-22.2959
4123,512,-22.2959
4124,512,-22.2959
4125,512,-22.2959
4126,512,-22.2959
4127,512,-22.2959
4128,512,-22.2959
4129,512,-22.2959
4130,512,-22.2959
4131,512,-22.2959
4132,512,-22.2959
4133,512,-22.2959
4134,512,-22.2959
4135,512,-22.2959
4136,512,-22.2959
4137,512,-22.2959
4138,512,-22.2959
4139,512,-22.2959
4140,512,-22.2959
4141,512,-22.2959
4142,512,-22.2959
4143,512,-22.2959
4144,512,-22.2959
4145,512,-22.2959
4146,512,-22.2959
4147,512,-22.2959
4148,512,-22.2959
4149,512,-22.2959
4150,512,-22.2959
4151,512,-22.2959
4152,512,-22.2959
4153,512,-22.2959
4154,512,-22.2959
4155,512,-22.2959
4156,512,-22.2959
4157,512,-22.2959
4158,512,-22.2959
4159,512,-22.2959
4160,512,-22.2959
4161,512,-22.2959
4162,512,-22.2959
4163,512,-22.2959
4164,512,-22.2959
4165,512,-22.2959
4166,512,-22.2959
4167,512,-22.2959
4168,512,-22.2959
4169,512,-22.2959
4170,512,-22.2959
4171,512,-22.2959
4172,512,-22.2959
4173,512,-22.2959
4174,512,-22.2959
4175,512,-22.2959
4176,512,-22.2959
4177,512,-22.2959
4178,512,-22.2959
4179,512,-22.2959
4180,512,-22.2959
4181,512,-22.2959
4182,512,-22.2959
4183,512,-22.2959
4184,512,-22.2959
4185,512,-22.2959
4186,512,-22.2959
4187,512,-22.2959
4188,512,-22.2959
4189,512,-22.2959
4190,512,-22.2959
4191,512,-22.2959
4192,512,-22.2959
4193,512,-22.2959
4194,512,-22.2959
4195,512,-22.2959
4196,512,-22.2959
4197,512,-22.2959
4198,512,-22.2959
4199,512,-22.2959
4200,512,-22.2959
4201,512,-22.2959
4202,512,-22.2959
4203,512,-22.2959
4204,512,-22.2959
4205,512,-22.2959
4206,512,-22.2959
4207,512,-22.2959
4208,512,-22.2959
4209,512,-22.2959
4210,512,-22.2959
4211,512,-22.2959
4212,512,-22.2959
4213,512,-22.2959
4214,512,-22.2959
4215,512,-22.2959
4216,512,-22.2959
4217,512,-22.2959
4218,512,-22.2959
4219,512,-22.2959
4220,512,-22.2959
4221,512,-22.2959
4222,512,-22.2959
4223,512,-22.2959
4224,512,-22.2959
4225,512,-22.2959
4226,512,-22.2959
4227,512,-22.2959
4228,512,-22.2959
4229,512,-22.2959
4230,512,-22.2959
4231,512,-22.2959
4232,512,-22.2959
4233,512,-22.2959
4234,512,-22.2959
4235,512,-22.2959
4236,512,-22.2959
4237,512,-22.2959
4238,512,-22.2959
4239,512,-22.2959
4240,512,-22.2959
4241,512,-22.2959
4242,512,-22.2959
4243,512,-22.2959
4244,512,-22.2959
4245,512,-22.2959
4246,512,-22.2959
4247,512,-22.2959
4248,512,-22.2959
4249,512,-22.2959
4250,512,-22.2959
4251,512,-22.2959
4252,512,-22.2959
4253,512,-22.2959
4254,512,-22.2959
4255,512,-22.2959
4256,512,-22.2959
4257,512,-22.2959
4258,512,-22.2959
4259,512,-22.2959
4260,512,-22.2959
4261,512,-22.2959
4262,512,-22.2959
4263,512,-22.2959
4264,512,-22.2959
4265,512,-22.2959
4266,512,-22.2959
4267,512,-22.2959
4268,512,-22.2959
4269,512,-22.2959
4270,512,-22.2959
4271,512,-22.2959
4272,512,-22.2959
4273,512,-22.2959
4274,512,-22.2959
4275,512,-22.2959
4276,512,-22.2959
4277,512,-22.2959
4278,512,-22.2959
4279,512,-22.2959
4280,512,-22.2959
4281,512,-22.2959
4282,512,-22.2959
4283,512,-22.2959
4284,512,-22.2959
4285,512,-22.2959
4286,512,-22.2959
4287,512,-22.2959
4288,512,-22.2959
4289,512,-22.2959
4290,512,-22.2959
4291,512,-22.2959
4292,512,-22.2959
4293,512,-22.2959
4294,512,-22.2959
4295,512,-22.2959
4296,512,-22.2959
4297,512,-22.2959
4298,512,-22.2959
4299,512,-22.2959
4300,512,-22.2959
4301,512,-22.2959
4302,512,-22.2959
4303,512,-22.2959
4304,512,-22.2959
4305,512,-22.2959
4306,512,-22.2959
4307,512,-22.2959
4308,512,-22.2959
4309,512,-22.2959
4310,512,-22.2959
4311,512,-22.2959
4312,512,-22.2959
4313,512,-22.2959
4314,512,-22.2959
4315,512,-22.2959
4316,512,-22.2959
4317,512,-22.2959
4318,512,-22.2959
4319,512,-22.2959
4320,512,-22.2959
4321,512,-22.2959
4322,512,-22.2959
4323,512,-22.2959
4324,512,-22.2959
4325,512,-22.2959
4326,512,-22.2959
4327,512,-22.2959
4328,512,-22.2959
4329,512,-22.2959
4330,512,-22.2959
4331,512,-22.2959
4332,512,-22.2959
4333,512,-22.2959
4334,512,-22.2959
4335,512,-22.2959
4336,512,-22.2959
4337,512,-22.2959
4338,512,-22.2959
4339,512,-22.2959
4340,512,-22.2959
4341,512,-22.2959
4342,512,-22.2959
4343,512,-22.2959
4344,512,-22.2959
4345,512,-22.2959
4346,512,-22.2959
4347,512,-22.2959
4348,512,-22.2959
4349,512,-22.2959
4350,512,-22.2959
4351,512,-22.2959
4352,512,-22.2959
4353,512,-22.2959
4354,512,-22.2959
4355,512,-22.2959
4356,512,-22.2959
4357,512,-22.2959
4358,512,-22.2959
4359,512,-22.2959
4360,512,-22.2959
4361,512,-22.2959
4362,512,-22.2959
4363,512,-22.2959
4364,512,-22.2959
4365,512,-22.2959
4366,512,-22.2959
4367,512,-22.2959
4368,512,-22.2959
4369,512,-22.2959
4370,512,-22.2959
4371,512,-22.2959
4372,512,-22.2959
4373,512,-22.2959
4374,512,-22.2959
4375,512,-22.2959
4376,512,-22.2959
4377,512,-22.2959
4378,512,-22.2959
4379,512,-22.2959
4380,512,-22.2959
4381,512,-22.2959
4382,512,-22.2959
4383,512,-22.2959
4384,512,-22.2959
4385,512,-22.2959
4386,512,-22.2959
4387,512,-22.2959
4388,512,-22.2959
4389,512,-22.2959
4390,512,-22.2959
4391,512,-22.2959
4392,512,-22.2959
4393,512,-22.2959
4394,512,-22.2959
4395,512,-22.2959
4396,512,-22.2959
4397,512,-22.2959
4398,512,-22.2959
4399,512,-22.2959
4400,512,-22.2959
4401,512,-22.2959
4402,512,-22.2959
4403,512,-22.2959
4404,512,-22.2959
4405,512,-22.2959
4406,512,-22.2959
4407,512,-22.2959
4408,512,-22.2959
4409,512,-22.2959
4410,512,-22.2959
4411,512,-22.2959
4412,512,-22.2959
4413,512,-22.2959
4414,512,-22.2959
4415,512,-22.2959
4416,512,-22.2959
4417,512,-22.2959
4418,512,-22.2959
4419,512,-22.2959
4420,512,-22.2959
4421,512,-22.2959
4422,512,-22.2959
4423,512,-22.2959
4424,512,-22.2959
4425,512,-22.2959
4426,512,-22.2959
4427,512,-22.2959
4428,512,-22.2959
4429,512,-22.2959
4430,512,-22.2959
4431,512,-22.2959
4432,512,-22.2959
4433,512,-22.2959
4434,512,-22.2959
4435,512,-22.2959
4436,512,-22.2959
4437,512,-22.2959
4438,512,-22.2959
4439,512,-22.2959
4440,512,-22.2959
4441,512,-22.2959
4442,512,-22.2959
4443,512,-22.2959
4444,512,-22.2959
4445,512,-22.2959
4446,512,-22.2959
4447,512,-22.2959
4448,512,-22.2959
4449,512,-22.2959
4450,512,-22.2959
4451,512,-22.2959
4452,512,-22.2959
4453,512,-22.2959
4454,512,-22.2959
4455,512,-22.2959
4456,512,-22.2959
4457,512,-22.2959
4458,512,-22.2959
4459,512,-22.2959
4460,512,-22.2959
4461,512,-22.2959
4462,512,-22.2959
4463,512,-22.2959
4464,512,-22.2959
4465,512,-22.2959
4466,512,-22.2959
4467,512,-22.2959
4468,512,-22.2959
4469,512,-22.2959
4470,512,-22.2959
4471,512,-22.2959
4472,512,-22.2959
4473,512,-22.2959
4474,512,-22.2959
4475,512,-22.2959
4476,512,-22.2959
4477,512,-22.2959
4478,512,-22.2959
4479,512,-22.2959
4480,512,-22.2959
4481,512,-22.2959
4482,512,-22.2959
4483,512,-22.2959
4484,512,-22.2959
4485,512,-22.2959
4486,512,-22.2959
4487,512,-22.2959
4488,512,-22.2959
4489,512,-22.2959
4490,512,-22.2959
4491,512,-22.2959
4492,512,-22.2959
4493,512,-22.2959
4494,512,-22.2959
4495,512,-22.2959
4496,512,-22.2959
4497,512,-22.2959
4498,512,-22.2959
4499,512,-22.2959
4500,512,-22.2959
4501,512,-22.2959
4502,512,-22.2959
4503,512,-22.2959
4504,512,-22.2959
4505,512,-22.2959
4506,512,-22.2959
4507,512,-22.2959
4508,512,-22.2959
4509,512,-22.2959
4510,512,-22.2959
4511,512,-22.2959
4512,512,-22.2959
4513,512,-22.2959
4514,512,-22.2959
4515,512,-22.2959
4516,512,-22.2959
4517,512,-22.2959
4518,512,-22.2959
4519,512,-22.2959
4520,512,-22.2959
4521,512,-22.2959
4522,512,-22.2959
4523,512,-22.2959
4524,512,-22.2959
4525,512,-22.2959
4526,512,-22.2959
4527,512,-22.2959
4528,512,-22.2959
4529,512,-22.2959
4530,512,-22.2959
4531,512,-22.2959
4532,512,-22.2959
4533,512,-22.2959
4534,512,-22.2959
4535,512,-22.2959
4536,512,-22.2959
4537,512,-22.2959
4538,512,-22.2959
4539,512,-22.2959
4540,512,-22.2959
4541,512,-22.2959
4542,512,-22.2959
4543,512,-22.2959
4544,512,-22.2959
4545,512,-22.2959
4546,512,-22.2959
4547,512,-22.2959
4548,512,-22.2959
4549,512,-22.2959
4550,512,-22.2959
4551,512,-22.2959
4552,512,-22.2959
4553,512,-22.2959
4554,512,-22.2959
4555,512,-22.2959
4556,512,-22.2959
4557,512,-22.2959
4558,512,-22.2959
4559,512,-22.2959
4560,512,-22.2959
4561,512,-22.2959
4562,512,-22.2959
4563,512,-22.2959
4564,512,-22.2959
4565,512,-22.2959
4566,512,-22.2959
4567,512,-22.2959
4568,512,-22.2959
4569,512,-22.2959
4570,512,-22.2959
4571,512,-22.2959
4572,512,-22.2959
4573,512,-22.2959
4574,512,-22.2959
4575,512,-22.2959
4576,512,-22.2959
4577,512,-22.2959
4578,512,-22.2959
4579,512,-22.2959
4580,512,-22.2959
4581,512,-22.2959
4582,512,-22.2959
4583,512,-22.2959
4584,512,-22.2959
4585,512,-22.2959
4586,512,-22.2959
4587,512,-22.2959
4588,512,-22.2959
4589,512,-22.2959
4590,512,-22.2959
4591,512,-22.2959
4592,512,-22.2959
4593,512,-22.2959
4594,512,-22.2959
4595,512,-22.2959
4596,512,-22.2959
4597,512,-22.2959
4598,512,-22.2959
4599,512,-22.2959
4600,512,-22.2959
4601,512,-22.2959
4602,512,-22.2959
4603,512,-22.2959
4604,512,-22.2959
4605,512,-22.2959
4606,512,-22.2959
4607,512,-22.2959
4608,512,-22.2959
4609,512,-22.2959
4610,512,-22.2959
4611,512,-22.2959
4612,512,-22.2959
4613,512,-22.2959
4614,512,-22.2959
4615,512,-22.2959
4616,512,-22.2959
4617,512,-22.2959
4618,512,-22.2959
4619,512,-22.2959
4620,512,-22.2959
4621,512,-22.2959
4622,512,-22.2959
4623,512,-22.2959
4624,512,-22.2959
4625,512,-22.2959
4626,512,-22.2959
4627,512,-22.2959
4628,512,-22.2959
4629,512,-22.2959
4630,512,-22.2959
4631,512,-22.2959
4632,512,-22.2959
4633,512,-22.2959
4634,512,-22.2959
4635,512,-22.2959
4636,512,-22.2959
4637,512,-22.2959
4638,512,-22.2959
4639,512,-22.2959
4640,512,-22.2959
4641,512,-22.2959
4642,512,-22.2959
4643,512,-22.2959
4644,512,-22.2959
4645,512,-22.2959
4646,512,-22.2959
4647,512,-22.2959
4648,512,-22.2959
4649,512,-22.2959
4650,512,-22.2959
4651,512,-22.2959
4652,512,-22.2959
4653,512,-22.2959
4654,512,-22.2959
4655,512,-22.2959
4656,512,-22.2959
4657,512,-22.2959
4658,512,-22.2959
4659,512,-22.2959
4660,512,-22.2959
4661,512,-22.2959
4662,512,-22.2959
4663,512,-22.2959
4664,512,-22.2959
4665,512,-22.2959
4666,512,-22.2959
4667,512,-22.2959
4668,512,-22.2959
4669,512,-22.2959
4670,512,-22.2959
4671,512,-22.2959
4672,512,-22.2959
4673,512,-22.2959
4674,512,-22.2959
4675,512,-22.2959
4676,512,-22.2959
4677,512,-22.2959
4678,512,-22.2959
4679,512,-22.2959
4680,512,-22.2959
4681,512,-22.2959
4682,512,-22.2959
4683,512,-22.2959
4684,512,-22.2959
4685,512,-22.2959
4686,512,-22.2959
4687,512,-22.2959
4688,512,-22.2959
4689,512,-22.2959
4690,512,-22.2959
4691,512,-22.2959
4692,512,-22.2959
4693,512,-22.2959
4694,512,-22.2959
4695,512,-22.2959
4696,512,-22.2959
4697,512,-22.2959
4698,512,-22.2959
4699,512,-22.2959
4700,512,-22.2959
4701,512,-22.2959
4702,512,-22.2959
4703,512,-22.2959
4704,512,-22.2959
4705,512,-22.2959
4706,512,-22.2959
4707,512,-22.2959
4708,512,-22.2959
4709,512,-22.2959
4710,512,-22.2959
4711,512,-22.2959
4712,512,-22.2959
4713,512,-22.2959
4714,512,-22.2959
4715,512,-22.2959
4716,512,-22.2959
4717,512,-22.2959
4718,512,-22.2959
4719,512,-22.2959
4720,512,-22.2959
4721,512,-22.2959
4722,512,-22.2959
4723,512,-22.2959
4724,512,-22.2959
4725,512,-22.2959
4726,512,-22.2959
4727,512,-22.2959
4728,512,-22.2959
4729,512,-22.2959
4730,512,-22.2959
4731,512,-22.2959
4732,512,-22.2959
4733,512,-22.2959
4734,512,-22.2959
4735,512,-22.2959
4736,512,-22.2959
4737,512,-22.2959
4738,512,-22.2959
4739,512,-22.2959
4740,512,-22.2959
4741,512,-22.2959
4742,512,-22.2959
4743,512,-22.2959
4744,512,-22.2959
4745,512,-22.2959
4746,512,-22.2959
4747,512,-22.2959
4748,512,-22.2959
4749,512,-22.2959
4750,512,-22.2959
4751,512,-22.2959
4752,512,-22.2959
4753,512,-22.2959
4754,512,-22.2959
4755,512,-22.2959
4756,512,-22.2959
4757,512,-22.2959
4758,512,-22.2959
4759,512,-22.2959
4760,512,-22.2959
4761,512,-22.2959
4762,512,-22.2959
4763,512,-22.2959
4764,512,-22.2959
4765,512,-22.2959
4766,512,-22.2959
4767,512,-22.2959
4768,512,-22.2959
4769,512,-22.2959
4770,512,-22.2959
4771,512,-22.2959
4772,512,-22.2959
4773,512,-22.2959
4774,512,-22.2959
4775,512,-22.2959
4776,512,-22.2959
4777,512,-22.2959
4778,512,-22.2959
4779,512,-22.2959
4780,512,-22.2959
4781,512,-22.2959
4782,512,-22.2959
4783,512,-22.2959
4784,512,-22.2959
4785,512,-22.2959
4786,512,-22.2959
4787,512,-22.2959
4788,512,-22.2959
4789,512,-22.2959
4790,512,-22.2959
4791,512,-22.2959
4792,512,-22.2959
4793,512,-22.2959
4794,512,-22.2959
4795,512,-22.2959
4796,512,-22.2959
4797,512,-22.2959
4798,512,-22.2959
4799,512,-22.2959
4800,512,-22.2959
4801,512,-22.2959
4802,512,-22.2959
4803,512,-22.2959
4804,512,-22.2959
4805,512,-22.2959
4806,512,-22.2959
4807,512,-22.2959
4808,512,-22.2959
4809,512,-22.2959
4810,512,-22.2959
4811,512,-22.2959
4812,512,-22.2959
4813,512,-22.2959
4814,512,-22.2959
4815,512,-22.2959
4816,512,-22.2959
4817,512,-22.2959
4818,512,-22.2959
4819,512,-22.2959
4820,512,-22.2959
4821,512,-22.2959
4822,512,-22.2959
4823,512,-22.2959
4824,512,-22.2959
4825,512,-22.2959
4826,512,-22.2959
4827,512,-22.2959
4828,512,-22.2959
4829,512,-22.2959
4830,512,-22.2959
4831,512,-22.2959
4832,512,-22.2959
4833,512,-22.2959
4834,512,-22.2959
4835,512,-22.2959
4836,512,-22.2959
4837,512,-22.2959
4838,512,-22.2959
4839,512,-22.2959
4840,512,-22.2959
4841,512,-22.2959
4842,512,-22.2959
4843,512,-22.2959
4844,512,-22.2959
4845,512,-22.2959
4846,512,-22.2959
4847,512,-22.2959
4848,512,-22.2959
4849,512,-22.2959
4850,512,-22.2959
4851,512,-22.2959
4852,512,-22.2959
4853,512,-22.2959
4854,512,-22.2959
4855,512,-22.2959
4856,512,-22.2959
4857,512,-22.2959
4858,512,-22.2959
4859,512,-22.2959
4860,512,-22.2959
4861,512,-22.2959
4862,512,-22.2959
4863,512,-22.2959
4864,512,-22.2959
4865,512,-22.2959
4866,512,-22.2959
4867,512,-22.2959
4868,512,-22.2959
4869,512,-22.2959
4870,512,-22.2959
4871,512,-22.2959
4872,512,-22.2959
4873,512,-22.2959
4874,512,-22.2959
4875,512,-22.2959
4876,512,-22.2959
4877,512,-22.2959
4878,512,-22.2959
4879,512,-22.2959
4880,512,-22.2959
4881,512,-22.2959
4882,512,-22.2959
4883,512,-22.2959
4884,512,-22.2959
4885,512,-22.2959
4886,512,-22.2959
4887,512,-22.2959
4888,512,-22.2959
4889,512,-22.2959
4890,512,-22.2959
4891,512,-22.2959
4892,512,-22.2959
4893,512,-22.2959
4894,512,-22.2959
4895,512,-22.2959
4896,512,-22.2959
4897,512,-22.2959
4898,512,-22.2959
4899,512,-22.2959
4900,512,-22.2959
4901,512,-22.2959
4902,512,-22.2959
4903,512,-22.2959
4904,512,-22.2959
4905,512,-22.2959
4906,512,-22.2959
4907,512,-22.2959
4908,512,-22.2959
4909,512,-22.2959
4910,512,-22.2959
4911,512,-22.2959
4912,512,-22.2959
4913,512,-22.2959
4914,512,-22.2959
4915,512,-22.2959
4916,512,-22.2959
4917,512,-22.2959
4918,512,-22.2959
4919,512,-22.2959
4920,512,-22.2959
4921,512,-22.2959
4922,512,-22.2959
4923,512,-22.2959
4924,512,-22.2959
4925,512,-22.2959
4926,512,-22.2959
4927,512,-22.2959
4928,512,-22.2959
4929,512,-22.2959
4930,512,-22.2959
4931,512,-22.2959
4932,512,-22.2959
4933,512,-22.2959
4934,512,-22.2959
4935,512,-22.2959
4936,512,-22.2959
4937,512,-22.2959
4938,512,-22.2959
4939,512,-22.2959
4940,512,-22.2959
4941,512,-22.2959
4942,512,-22.2959
4943,512,-22.2959
4944,512,-22.2959
4945,512,-22.2959
4946,512,-22.2959
4947,512,-22.2959
4948,512,-22.2959
4949,512,-22.2959
4950,512,-22.2959
4951,512,-22.2959
4952,512,-22.2959
4953,512,-22.2959
4954,512,-22.2959
4955,512,-22.2959
4956,512,-22.2959
4957,512,-22.2959
4958,512,-22.2959
4959,512,-22.2959
4960,512,-22.2959
4961,512,-22.2959
4962,512,-22.2959
4963,512,-22.2959
4964,512,-22.2959
4965,512,-22.2959
4966,512,-22.2959
4967,512,-22.2959
4968,512,-22.2959
4969,512,-22.2959
4970,512,-22.2959
4971,512,-22.2959
4972,512,-22.2959
4973,512,-22.2959
4974,512,-22.2959
4975,512,-22.2959
4976,512,-22.2959
4977,512,-22.2959
4978,512,-22.2959
4979,512,-22.2959
4980,512,-22.2959
4981,512,-22.2959
4982,512,-22.2959
4983,512,-22.2959
4984,512,-22.2959
4985,512,-22.2959
4986,512,-22.2959
4987,512,-22.2959
4988,512,-22.2959
4989,512,-22.2959
4990,512,-22.2959
4991,512,-22.2959
4992,512,-22.2959
4993,512,-22.2959
4994,512,-22.2959
4995,512,-22.2959
4996,512,-22.2959
4997,512,-22.2959
4998,512,-22.2959
4999,512,-22.2959
5000,512,-22.2959
5001,512,-22.2959
5002,512,-22.2959
5003,512,-22.2959
5004,512,-22.2959
5005,512,-22.2959
5006,512,-22.2959
5007,512,-22.2959
5008,512,-22.2959
5009,512,-22.2959
5010,512,-22.2959
5011,512,-22.2959
5012,512,-22.2959
5013,512,-22.2959
5014,512,-22.2959
5015,512,-22.2959
5016,512,-22.2959
5017,512,-22.2959
5018,512,-22.2959
5019,512,-22.2959
5020,512,-22.2959
5021,512,-22.2959
5022,512,-22.2959
5023,512,-22.2959
5024,512,-22.2959
5025,512,-22.2959
5026,512,-22.2959
5027,512,-22.2959
5028,512,-22.2959
5029,512,-22.2959
5030,512,-22.2959
5031,512,-22.2959
5032,512,-22.2959
5033,512,-22.2959
5034,512,-22.2959
5035,512,-22.2959
5036,512,-22.2959
5037,512,-22.2959
5038,512,-22.2959
5039,512,-22.2959
5040,512,-22.2959
5041,512,-22.2959
5042,512,-22.2959
5043,512,-22.2959
5044,512,-22.2959
5045,512,-22.2959
5046,512,-22.2959
5047,512,-22.2959
5048,512,-22.2959
5049,512,-22.2959
5050,512,-22.2959
5051,512,-22.2959
5052,512,-22.2959
5053,512,-22.2959
5054,512,-22.2959
5055,512,-22.2959
5056,512,-22.2959
5057,512,-22.2959
5058,512,-22.2959
5059,512,-22.2959
5060,512,-22.2959
5061,512,-22.2959
5062,512,-22.2959
5063,512,-22.2959
5064,512,-22.2959
5065,512,-22.2959
5066,512,-22.2959
5067,512,-22.2959
5068,512,-22.2959
5069,512,-22.2959
5070,512,-22.2959
5071,512,-22.2959
5072,512,-22.2959
5073,512,-22.2959
5074,512,-22.2959
5075,512,-22.2959
5076,512,-22.2959
5077,512,-22.2959
5078,512,-22.2959
5079,512,-22.2959
5080,512,-22.2959
5081,512,-22.2959
5082,512,-22.2959
5083,512,-22.2959
5084,512,-22.2959
5085,512,-22.2959
5086,512,-22.2959
5087,512,-22.2959
5088,512,-22.2959
5089,512,-22.2959
5090,512,-22.2959
5091,512,-22.2959
5092,512,-22.2959
5093,512,-22.2959
5094,512,-22.2959
5095,512,-22.2959
5096,512,-22.2959
5097,512,-22.2959
5098,512,-22.2959
5099,512,-22.2959
5100,512,-22.2959
5101,512,-22.2959
5102,512,-22.2959
5103,512,-22.2959
5104,512,-22.2959
5105,512,-22.2959
5106,512,-22.2959
5107,512,-22.2959
5108,512,-22.2959
5109,512,-22.2959
5110,512,-22.2959
5111,512,-22.2959
5112,512,-22.2959
5113,512,-22.2959
5114,512,-22.2959
5115,512,-22.2959
5116,512,-22.2959
5117,512,-22.2959
5118,512,-22.2959
5119,512,-22.2959
5120,512,-22.2959
5121,512,-22.2959
5122,512,-22.2959
5123,512,-22.2959
5124,512,-22.2959
5125,512,-22.2959
5126,512,-22.2959
5127,512,-22.2959
5128,512,-22.2959
5129,512,-22.2959
5130,512,-22.2959
5131,512,-22.2959
5132,512,-22.2959
5133,512,-22.2959
5134,512,-22.2959
5135,512,-22.2959
5136,512,-22.2959
5137,512,-22.2959
5138,512,-22.2959
5139,512,-22.2959
5140,512,-22.2959
5141,512,-22.2959
5142,512,-22.2959
5143,512,-22.2959
5144,512,-22.2959
5145,512,-22.2959
5146,512,-22.2959
5147,512,-22.2959
5148,512,-22.2959
5149,512,-22.2959
5150,512,-22.2959
5151,512,-22.2959
5152,512,-22.2959
5153,512,-22.2959
5154,512,-22.2959
5155,512,-22.2959
5156,512,-22.2959
5157,512,-22.2959
5158,512,-22.2959
5159,512,-22.2959
5160,512,-22.2959
5161,512,-22.2959
5162,512,-22.2959
5163,512,-22.2959
5164,512,-22.2959
5165,512,-22.2959
5166,512,-22.2959
5167,512,-22.2959
5168,512,-22.2959
5169,512,-22.2959
5170,512,-22.2959
5171,512,-22.2959
5172,512,-22.2959
5173,512,-22.2959
5174,512,-22.2959
5175,512,-22.2959
5176,512,-22.2959
5177,512,-22.2959
5178,512,-22.2959
5179,512,-22.2959
5180,512,-22.2959
5181,512,-22.2959
5182,512,-22.2959
5183,512,-22.2959
5184,512,-22.2959
5185,512,-22.2959
5186,512,-22.2959
5187,512,-22.2959
5188,512,-22.2959
5189,512,-22.2959
5190,512,-22.2959
5191,512,-22.2959
5192,512,-22.2959
5193,512,-22.2959
5194,512,-22.2959
5195,512,-22.2959
5196,512,-22.2959
5197,512,-22.2959
5198,512,-22.2959
5199,512,-22.2959
5200,512,-22.2959
5201,512,-22.2959
5202,512,-22.2959
5203,512,-22.2959
5204,512,-22.2959
5205,512,-22.2959
5206,512,-22.2959
5207,512,-22.2959
5208,512,-22.2959
5209,512,-22.2959
5210,512,-22.2959
5211,512,-22.2959
5212,512,-22.2959
5213,512,-22.2959
5214,512,-22.2959
5215,512,-22.2959
5216,512,-22.2959
5217,512,-22.2959
5218,512,-22.2959
5219,512,-22.2959
5220,512,-22.2959
5221,512,-22.2959
5222,512,-22.2959
5223,512,-22.2959
5224,512,-22.2959
5225,512,-22.2959
5226,512,-22.2959
5227,512,-22.2959
5228,512,-22.2959
5229,512,-22.2959
5230,512,-22.2959
5231,512,-22.2959
5232,512,-22.2959
5233,512,-22.2959
5234,512,-22.2959
5235,512,-22.2959
5236,512,-22.2959
5237,512,-22.2959
5238,512,-22.2959
5239,512,-22.2959
5240,512,-22.2959
5241,512,-22.2959
5242,512,-22.2959
5243,512,-22.2959
