i,j,x,y,u_num,u_exact,error
0,0,0.000000000000,0.000000000000,0.000000000000,0.000000000000,0.000000000000
0,1,0.000000000000,0.093750000000,0.000000000000,0.000000000000,0.000000000000
0,2,0.000000000000,0.187500000000,0.000000000000,0.000000000000,0.000000000000
0,3,0.000000000000,0.281250000000,0.000000000000,0.000000000000,0.000000000000
0,4,0.000000000000,0.375000000000,0.000000000000,0.000000000000,0.000000000000
0,5,0.000000000000,0.468750000000,0.000000000000,0.000000000000,0.000000000000
0,6,0.000000000000,0.562500000000,0.000000000000,0.000000000000,0.000000000000
0,7,0.000000000000,0.656250000000,0.000000000000,0.000000000000,0.000000000000
0,8,0.000000000000,0.750000000000,0.000000000000,0.000000000000,0.000000000000
0,9,0.000000000000,0.843750000000,0.000000000000,0.000000000000,0.000000000000
0,10,0.000000000000,0.937500000000,0.000000000000,0.000000000000,0.000000000000
0,11,0.000000000000,1.031250000000,0.000000000000,-0.000000000000,0.000000000000
0,12,0.000000000000,1.125000000000,0.000000000000,-0.000000000000,0.000000000000
0,13,0.000000000000,1.218750000000,0.000000000000,-0.000000000000,0.000000000000
0,14,0.000000000000,1.312500000000,0.000000000000,-0.000000000000,0.000000000000
0,15,0.000000000000,1.406250000000,0.000000000000,-0.000000000000,0.000000000000
0,16,0.000000000000,1.500000000000,0.000000000000,-0.000000000000,0.000000000000
0,17,0.000000000000,1.593750000000,0.000000000000,-0.000000000000,0.000000000000
0,18,0.000000000000,1.687500000000,0.000000000000,-0.000000000000,0.000000000000
0,19,0.000000000000,1.781250000000,0.000000000000,-0.000000000000,0.000000000000
0,20,0.000000000000,1.875000000000,0.000000000000,-0.000000000000,0.000000000000
0,21,0.000000000000,1.968750000000,0.000000000000,-0.000000000000,0.000000000000
0,22,0.000000000000,2.062500000000,0.000000000000,0.000000000000,0.000000000000
0,23,0.000000000000,2.156250000000,0.000000000000,0.000000000000,0.000000000000
0,24,0.000000000000,2.250000000000,0.000000000000,0.000000000000,0.000000000000
0,25,0.000000000000,2.343750000000,0.000000000000,0.000000000000,0.000000000000
0,26,0.000000000000,2.437500000000,0.000000000000,0.000000000000,0.000000000000
0,27,0.000000000000,2.531250000000,0.000000000000,0.000000000000,0.000000000000
0,28,0.000000000000,2.625000000000,0.000000000000,0.000000000000,0.000000000000
0,29,0.000000000000,2.718750000000,0.000000000000,0.000000000000,0.000000000000
0,30,0.000000000000,2.812500000000,0.000000000000,0.000000000000,0.000000000000
0,31,0.000000000000,2.906250000000,0.000000000000,0.000000000000,0.000000000000
0,32,0.000000000000,3.000000000000,0.000000000000,0.000000000000,0.000000000000
1,0,0.093750000000,0.000000000000,0.000000000000,0.000000000000,0.000000000000
1,1,0.093750000000,0.093750000000,0.084876973865,0.084265193849,0.000611780016
1,2,0.093750000000,0.187500000000,0.162444399729,0.161273525784,0.001170873945
1,3,0.093750000000,0.281250000000,0.226022222959,0.224393089969,0.001629132990
1,4,0.093750000000,0.375000000000,0.270135164105,0.268188071917,0.001947092188
1,5,0.093750000000,0.468750000000,0.290984246292,0.288886877191,0.002097369102
1,6,0.093750000000,0.562500000000,0.286773960560,0.284706938578,0.002067021982
1,7,0.093750000000,0.656250000000,0.257866893886,0.256008229585,0.001858664301
1,8,0.093750000000,0.750000000000,0.206752503440,0.205262263761,0.001490239679
1,9,0.093750000000,0.843750000000,0.137832726203,0.136839249608,0.000993476595
1,10,0.093750000000,0.937500000000,0.057042887111,0.056631731162,0.000411155949
1,11,0.093750000000,1.031250000000,-0.028659447142,-0.028452873946,-0.000206573196
1,12,0.093750000000,1.125000000000,-0.111893649079,-0.111087136655,-0.000806512424
1,13,0.093750000000,1.218750000000,-0.185491645118,-0.184154649746,-0.001336995372
1,14,0.093750000000,1.312500000000,-0.243115225261,-0.241362888054,-0.001752337206
1,15,0.093750000000,1.406250000000,-0.279801885478,-0.277785116510,-0.002016768968
1,16,0.093750000000,1.500000000000,-0.292392195226,-0.290284677254,-0.002107517971
1,17,0.093750000000,1.593750000000,-0.279801885484,-0.277785116510,-0.002016768974
1,18,0.093750000000,1.687500000000,-0.243115225273,-0.241362888054,-0.001752337218
1,19,0.093750000000,1.781250000000,-0.185491645135,-0.184154649746,-0.001336995390
1,20,0.093750000000,1.875000000000,-0.111893649101,-0.111087136655,-0.000806512446
1,21,0.093750000000,1.968750000000,-0.028659447168,-0.028452873946,-0.000206573222
1,22,0.093750000000,2.062500000000,0.057042887083,0.056631731162,0.000411155921
1,23,0.093750000000,2.156250000000,0.137832726173,0.136839249608,0.000993476565
1,24,0.093750000000,2.250000000000,0.206752503410,0.205262263761,0.001490239649
1,25,0.093750000000,2.343750000000,0.257866893857,0.256008229585,0.001858664272
1,26,0.093750000000,2.437500000000,0.286773960533,0.284706938578,0.002067021956
1,27,0.093750000000,2.531250000000,0.290984246269,0.288886877191,0.002097369078
1,28,0.093750000000,2.625000000000,0.270135164085,0.268188071917,0.001947092168
1,29,0.093750000000,2.718750000000,0.226022222944,0.224393089969,0.001629132976
1,30,0.093750000000,2.812500000000,0.162444399720,0.161273525784,0.001170873935
1,31,0.093750000000,2.906250000000,0.084876973860,0.084265193849,0.000611780011
1,32,0.093750000000,3.000000000000,0.000000000000,0.000000000000,-0.000000000000
2,0,0.187500000000,0.000000000000,0.000000000000,0.000000000000,0.000000000000
2,1,0.187500000000,0.093750000000,0.162444399729,0.161273525784,0.001170873945
2,2,0.187500000000,0.187500000000,0.310899196824,0.308658283817,0.002240913007
2,3,0.187500000000,0.281250000000,0.432579563834,0.429461597701,0.003117966133
2,4,0.187500000000,0.375000000000,0.517006469252,0.513279967159,0.003726502093
2,5,0.187500000000,0.468750000000,0.556909124666,0.552895010495,0.004014114171
2,6,0.187500000000,0.562500000000,0.548851140179,0.544895106776,0.003956033404
2,7,0.187500000000,0.656250000000,0.493526464001,0.489969202339,0.003557261662
2,8,0.187500000000,0.750000000000,0.395699620091,0.392847479194,0.002852140897
2,9,0.187500000000,0.843750000000,0.263795390553,0.261893994923,0.001901395629
2,10,0.187500000000,0.937500000000,0.109173279062,0.108386375662,0.000786903400
2,11,0.187500000000,1.031250000000,-0.054850761966,-0.054455405493,-0.000395356473
2,12,0.187500000000,1.125000000000,-0.214151092259,-0.212607523692,-0.001543568567
2,13,0.187500000000,1.218750000000,-0.355008874338,-0.352450024709,-0.002558849629
2,14,0.187500000000,1.312500000000,-0.465293530594,-0.461939766256,-0.003353764338
2,15,0.187500000000,1.406250000000,-0.535507420485,-0.531647565309,-0.003859855176
2,16,0.187500000000,1.500000000000,-0.559603770960,-0.555570233020,-0.004033537940
2,17,0.187500000000,1.593750000000,-0.535507420497,-0.531647565309,-0.003859855188
2,18,0.187500000000,1.687500000000,-0.465293530617,-0.461939766256,-0.003353764362
2,19,0.187500000000,1.781250000000,-0.355008874372,-0.352450024709,-0.002558849663
2,20,0.187500000000,1.875000000000,-0.214151092302,-0.212607523692,-0.001543568610
2,21,0.187500000000,1.968750000000,-0.054850762017,-0.054455405493,-0.000395356524
2,22,0.187500000000,2.062500000000,0.109173279007,0.108386375662,0.000786903344
2,23,0.187500000000,2.156250000000,0.263795390494,0.261893994923,0.001901395571
2,24,0.187500000000,2.250000000000,0.395699620032,0.392847479194,0.002852140838
2,25,0.187500000000,2.343750000000,0.493526463945,0.489969202339,0.003557261606
2,26,0.187500000000,2.437500000000,0.548851140127,0.544895106776,0.003956033351
2,27,0.187500000000,2.531250000000,0.556909124620,0.552895010495,0.004014114125
2,28,0.187500000000,2.625000000000,0.517006469214,0.513279967159,0.003726502055
2,29,0.187500000000,2.718750000000,0.432579563806,0.429461597701,0.003117966104
2,30,0.187500000000,2.812500000000,0.310899196805,0.308658283817,0.002240912988
2,31,0.187500000000,2.906250000000,0.162444399720,0.161273525784,0.001170873936
2,32,0.187500000000,3.000000000000,0.000000000000,0.000000000000,-0.000000000000
3,0,0.281250000000,0.000000000000,0.000000000000,0.000000000000,0.000000000000
3,1,0.281250000000,0.093750000000,0.226022222959,0.224393089969,0.001629132990
3,2,0.281250000000,0.187500000000,0.432579563834,0.429461597701,0.003117966133
3,3,0.281250000000,0.281250000000,0.601883443117,0.597545161008,0.004338282109
3,4,0.281250000000,0.375000000000,0.719353524396,0.714168536279,0.005184988117
3,5,0.281250000000,0.468750000000,0.774873363140,0.769288196745,0.005585166395
3,6,0.281250000000,0.562500000000,0.763661628107,0.758157274256,0.005504353851
3,7,0.281250000000,0.656250000000,0.686683866384,0.681734356384,0.004949510000
3,8,0.281250000000,0.750000000000,0.550569351114,0.546600933501,0.003968417614
3,9,0.281250000000,0.843750000000,0.367040172950,0.364394605248,0.002645567703
3,10,0.281250000000,0.937500000000,0.151901741476,0.150806858268,0.001094883208
3,11,0.281250000000,1.031250000000,-0.076318366054,-0.075768274083,-0.000550091970
3,12,0.281250000000,1.125000000000,-0.297965987224,-0.295818293547,-0.002147693677
3,13,0.281250000000,1.218750000000,-0.493952977734,-0.490392640202,-0.003560337532
3,14,0.281250000000,1.312500000000,-0.647401069561,-0.642734701963,-0.004666367598
3,15,0.281250000000,1.406250000000,-0.745095416076,-0.739724882765,-0.005370533310
3,16,0.281250000000,1.500000000000,-0.778622645755,-0.773010453363,-0.005612192392
3,17,0.281250000000,1.593750000000,-0.745095416093,-0.739724882765,-0.005370533328
3,18,0.281250000000,1.687500000000,-0.647401069596,-0.642734701963,-0.004666367632
3,19,0.281250000000,1.781250000000,-0.493952977784,-0.490392640202,-0.003560337582
3,20,0.281250000000,1.875000000000,-0.297965987287,-0.295818293547,-0.002147693740
3,21,0.281250000000,1.968750000000,-0.076318366127,-0.075768274083,-0.000550092044
3,22,0.281250000000,2.062500000000,0.151901741395,0.150806858268,0.001094883127
3,23,0.281250000000,2.156250000000,0.367040172866,0.364394605248,0.002645567618
3,24,0.281250000000,2.250000000000,0.550569351029,0.546600933501,0.003968417528
3,25,0.281250000000,2.343750000000,0.686683866302,0.681734356384,0.004949509918
3,26,0.281250000000,2.437500000000,0.763661628032,0.758157274256,0.005504353776
3,27,0.281250000000,2.531250000000,0.774873363073,0.769288196745,0.005585166328
3,28,0.281250000000,2.625000000000,0.719353524341,0.714168536279,0.005184988062
3,29,0.281250000000,2.718750000000,0.601883443075,0.597545161008,0.004338282067
3,30,0.281250000000,2.812500000000,0.432579563807,0.429461597701,0.003117966106
3,31,0.281250000000,2.906250000000,0.226022222946,0.224393089969,0.001629132977
3,32,0.281250000000,3.000000000000,0.000000000000,0.000000000000,-0.000000000000
4,0,0.375000000000,0.000000000000,0.000000000000,0.000000000000,0.000000000000
4,1,0.375000000000,0.093750000000,0.270135164105,0.268188071917,0.001947092188
4,2,0.375000000000,0.187500000000,0.517006469252,0.513279967159,0.003726502093
4,3,0.375000000000,0.281250000000,0.719353524396,0.714168536279,0.005184988117
4,4,0.375000000000,0.375000000000,0.859750337005,0.853553390593,0.006196946412
4,5,0.375000000000,0.468750000000,0.926106027838,0.919430800040,0.006675227798
4,6,0.375000000000,0.562500000000,0.912706089345,0.906127446353,0.006578642992
4,7,0.375000000000,0.656250000000,0.820704515221,0.814789005418,0.005915509803
4,8,0.375000000000,0.750000000000,0.658024419244,0.653281482438,0.004742936806
4,9,0.375000000000,0.843750000000,0.438675702038,0.435513796846,0.003161905192
4,10,0.375000000000,0.937500000000,0.181548527835,0.180239955502,0.001308572333
4,11,0.375000000000,1.031250000000,-0.091213483782,-0.090556029786,-0.000657453996
4,12,0.375000000000,1.125000000000,-0.356120251529,-0.353553390593,-0.002566860936
4,13,0.375000000000,1.218750000000,-0.590358182448,-0.586102970801,-0.004255211647
4,14,0.375000000000,1.312500000000,-0.773754863216,-0.768177756711,-0.005577106505
4,15,0.375000000000,1.406250000000,-0.890516294832,-0.884097590017,-0.006418704815
4,16,0.375000000000,1.500000000000,-0.930587061210,-0.923879532511,-0.006707528699
4,17,0.375000000000,1.593750000000,-0.890516294855,-0.884097590017,-0.006418704838
4,18,0.375000000000,1.687500000000,-0.773754863260,-0.768177756711,-0.005577106549
4,19,0.375000000000,1.781250000000,-0.590358182512,-0.586102970801,-0.004255211711
4,20,0.375000000000,1.875000000000,-0.356120251610,-0.353553390593,-0.002566861017
4,21,0.375000000000,1.968750000000,-0.091213483877,-0.090556029786,-0.000657454091
4,22,0.375000000000,2.062500000000,0.181548527731,0.180239955502,0.001308572229
4,23,0.375000000000,2.156250000000,0.438675701929,0.435513796846,0.003161905083
4,24,0.375000000000,2.250000000000,0.658024419135,0.653281482438,0.004742936697
4,25,0.375000000000,2.343750000000,0.820704515115,0.814789005418,0.005915509697
4,26,0.375000000000,2.437500000000,0.912706089247,0.906127446353,0.006578642894
4,27,0.375000000000,2.531250000000,0.926106027752,0.919430800040,0.006675227712
4,28,0.375000000000,2.625000000000,0.859750336934,0.853553390593,0.006196946341
4,29,0.375000000000,2.718750000000,0.719353524342,0.714168536279,0.005184988063
4,30,0.375000000000,2.812500000000,0.517006469217,0.513279967159,0.003726502057
4,31,0.375000000000,2.906250000000,0.270135164088,0.268188071917,0.001947092171
4,32,0.375000000000,3.000000000000,0.000000000000,0.000000000000,-0.000000000000
5,0,0.468750000000,0.000000000000,0.000000000000,0.000000000000,0.000000000000
5,1,0.468750000000,0.093750000000,0.290984246292,0.288886877191,0.002097369102
5,2,0.468750000000,0.187500000000,0.556909124666,0.552895010495,0.004014114171
5,3,0.468750000000,0.281250000000,0.774873363140,0.769288196745,0.005585166395
5,4,0.468750000000,0.375000000000,0.926106027838,0.919430800040,0.006675227798
5,5,0.468750000000,0.468750000000,0.997583063210,0.990392640202,0.007190423008
5,6,0.468750000000,0.562500000000,0.983148914951,0.976062531202,0.007086383749
5,7,0.468750000000,0.656250000000,0.884046642205,0.877674572407,0.006372069798
5,8,0.468750000000,0.750000000000,0.708810866145,0.703701868763,0.005108997381
5,9,0.468750000000,0.843750000000,0.472532774129,0.469126832692,0.003405941436
5,10,0.468750000000,0.937500000000,0.195560476780,0.194150908792,0.001409567988
5,11,0.468750000000,1.031250000000,-0.098253357641,-0.097545161008,-0.000708196633
5,12,0.468750000000,1.125000000000,-0.383605679007,-0.380840707040,-0.002764971967
5,13,0.468750000000,1.218750000000,-0.635922137013,-0.631338507103,-0.004583629910
5,14,0.468750000000,1.312500000000,-0.833473407721,-0.827465858856,-0.006007548866
5,15,0.468750000000,1.406250000000,-0.959246508352,-0.952332406457,-0.006914101895
5,16,0.468750000000,1.500000000000,-1.002409943934,-0.995184726672,-0.007225217262
5,17,0.468750000000,1.593750000000,-0.959246508379,-0.952332406457,-0.006914101922
5,18,0.468750000000,1.687500000000,-0.833473407774,-0.827465858856,-0.006007548919
5,19,0.468750000000,1.781250000000,-0.635922137090,-0.631338507103,-0.004583629986
5,20,0.468750000000,1.875000000000,-0.383605679105,-0.380840707040,-0.002764972064
5,21,0.468750000000,1.968750000000,-0.098253357755,-0.097545161008,-0.000708196747
5,22,0.468750000000,2.062500000000,0.195560476655,0.194150908792,0.001409567863
5,23,0.468750000000,2.156250000000,0.472532773998,0.469126832692,0.003405941305
5,24,0.468750000000,2.250000000000,0.708810866013,0.703701868763,0.005108997250
5,25,0.468750000000,2.343750000000,0.884046642078,0.877674572407,0.006372069672
5,26,0.468750000000,2.437500000000,0.983148914835,0.976062531202,0.007086383633
5,27,0.468750000000,2.531250000000,0.997583063108,0.990392640202,0.007190422906
5,28,0.468750000000,2.625000000000,0.926106027754,0.919430800040,0.006675227713
5,29,0.468750000000,2.718750000000,0.774873363076,0.769288196745,0.005585166331
5,30,0.468750000000,2.812500000000,0.556909124624,0.552895010495,0.004014114129
5,31,0.468750000000,2.906250000000,0.290984246272,0.288886877191,0.002097369081
5,32,0.468750000000,3.000000000000,0.000000000000,0.000000000000,-0.000000000000
6,0,0.562500000000,0.000000000000,0.000000000000,0.000000000000,0.000000000000
6,1,0.562500000000,0.093750000000,0.286773960560,0.284706938578,0.002067021982
6,2,0.562500000000,0.187500000000,0.548851140179,0.544895106776,0.003956033404
6,3,0.562500000000,0.281250000000,0.763661628107,0.758157274256,0.005504353851
6,4,0.562500000000,0.375000000000,0.912706089345,0.906127446353,0.006578642992
6,5,0.562500000000,0.468750000000,0.983148914951,0.976062531202,0.007086383749
6,6,0.562500000000,0.562500000000,0.968923616070,0.961939766256,0.006983849815
6,7,0.562500000000,0.656250000000,0.871255265875,0.864975394547,0.006279871327
6,8,0.562500000000,0.750000000000,0.698554997089,0.693519922661,0.005035074428
6,9,0.562500000000,0.843750000000,0.465695640885,0.462338980709,0.003356660176
6,10,0.562500000000,0.937500000000,0.192730888652,0.191341716183,0.001389172469
6,11,0.562500000000,1.031250000000,-0.096831718446,-0.096133768462,-0.000697949984
6,12,0.562500000000,1.125000000000,-0.378055243126,-0.375330277518,-0.002724965608
6,13,0.562500000000,1.218750000000,-0.626720904282,-0.622203595094,-0.004517309187
6,14,0.562500000000,1.312500000000,-0.821413782151,-0.815493156849,-0.005920625302
6,15,0.562500000000,1.406250000000,-0.945367056826,-0.938552995510,-0.006814061316
6,16,0.562500000000,1.500000000000,-0.987905955525,-0.980785280403,-0.007120675122
6,17,0.562500000000,1.593750000000,-0.945367056857,-0.938552995510,-0.006814061347
6,18,0.562500000000,1.687500000000,-0.821413782212,-0.815493156849,-0.005920625363
6,19,0.562500000000,1.781250000000,-0.626720904370,-0.622203595094,-0.004517309276
6,20,0.562500000000,1.875000000000,-0.378055243238,-0.375330277518,-0.002724965720
6,21,0.562500000000,1.968750000000,-0.096831718577,-0.096133768462,-0.000697950114
6,22,0.562500000000,2.062500000000,0.192730888509,0.191341716183,0.001389172326
6,23,0.562500000000,2.156250000000,0.465695640736,0.462338980709,0.003356660027
6,24,0.562500000000,2.250000000000,0.698554996939,0.693519922661,0.005035074278
6,25,0.562500000000,2.343750000000,0.871255265730,0.864975394547,0.006279871183
6,26,0.562500000000,2.437500000000,0.968923615937,0.961939766256,0.006983849682
6,27,0.562500000000,2.531250000000,0.983148914835,0.976062531202,0.007086383633
6,28,0.562500000000,2.625000000000,0.912706089249,0.906127446353,0.006578642896
6,29,0.562500000000,2.718750000000,0.763661628035,0.758157274256,0.005504353779
6,30,0.562500000000,2.812500000000,0.548851140132,0.544895106776,0.003956033356
6,31,0.562500000000,2.906250000000,0.286773960537,0.284706938578,0.002067021960
6,32,0.562500000000,3.000000000000,0.000000000000,0.000000000000,-0.000000000000
7,0,0.656250000000,0.000000000000,0.000000000000,0.000000000000,0.000000000000
7,1,0.656250000000,0.093750000000,0.257866893886,0.256008229585,0.001858664301
7,2,0.656250000000,0.187500000000,0.493526464001,0.489969202339,0.003557261662
7,3,0.656250000000,0.281250000000,0.686683866384,0.681734356384,0.004949510000
7,4,0.656250000000,0.375000000000,0.820704515221,0.814789005418,0.005915509803
7,5,0.656250000000,0.468750000000,0.884046642205,0.877674572407,0.006372069798
7,6,0.656250000000,0.562500000000,0.871255265875,0.864975394547,0.006279871327
7,7,0.656250000000,0.656250000000,0.783431970954,0.777785116510,0.005646854445
7,8,0.656250000000,0.750000000000,0.628140040616,0.623612506493,0.004527534122
7,9,0.656250000000,0.843750000000,0.418753111611,0.415734806151,0.003018305460
7,10,0.656250000000,0.937500000000,0.173303445658,0.172054303455,0.001249142204
7,11,0.656250000000,1.031250000000,-0.087070996835,-0.086443400327,-0.000627596507
7,12,0.656250000000,1.125000000000,-0.339946943723,-0.337496656517,-0.002450287206
7,13,0.656250000000,1.218750000000,-0.563546888267,-0.559484927264,-0.004061961003
7,14,0.656250000000,1.312500000000,-0.738614553389,-0.733290731749,-0.005323821640
7,15,0.656250000000,1.406250000000,-0.850073229327,-0.843946030795,-0.006127198532
7,16,0.656250000000,1.500000000000,-0.888324169752,-0.881921264348,-0.006402905404
7,17,0.656250000000,1.593750000000,-0.850073229361,-0.843946030795,-0.006127198567
7,18,0.656250000000,1.687500000000,-0.738614553457,-0.733290731749,-0.005323821708
7,19,0.656250000000,1.781250000000,-0.563546888365,-0.559484927264,-0.004061961101
7,20,0.656250000000,1.875000000000,-0.339946943847,-0.337496656517,-0.002450287330
7,21,0.656250000000,1.968750000000,-0.087070996979,-0.086443400327,-0.000627596652
7,22,0.656250000000,2.062500000000,0.173303445500,0.172054303455,0.001249142045
7,23,0.656250000000,2.156250000000,0.418753111446,0.415734806151,0.003018305294
7,24,0.656250000000,2.250000000000,0.628140040449,0.623612506493,0.004527533956
7,25,0.656250000000,2.343750000000,0.783431970795,0.777785116510,0.005646854285
7,26,0.656250000000,2.437500000000,0.871255265728,0.864975394547,0.006279871181
7,27,0.656250000000,2.531250000000,0.884046642077,0.877674572407,0.006372069670
7,28,0.656250000000,2.625000000000,0.820704515115,0.814789005418,0.005915509698
7,29,0.656250000000,2.718750000000,0.686683866305,0.681734356384,0.004949509921
7,30,0.656250000000,2.812500000000,0.493526463950,0.489969202339,0.003557261611
7,31,0.656250000000,2.906250000000,0.257866893862,0.256008229585,0.001858664276
7,32,0.656250000000,3.000000000000,0.000000000000,0.000000000000,-0.000000000000
8,0,0.750000000000,0.000000000000,0.000000000000,0.000000000000,0.000000000000
8,1,0.750000000000,0.093750000000,0.206752503440,0.205262263761,0.001490239679
8,2,0.750000000000,0.187500000000,0.395699620091,0.392847479194,0.002852140897
8,3,0.750000000000,0.281250000000,0.550569351114,0.546600933501,0.003968417614
8,4,0.750000000000,0.375000000000,0.658024419244,0.653281482438,0.004742936806
8,5,0.750000000000,0.468750000000,0.708810866145,0.703701868763,0.005108997381
8,6,0.750000000000,0.562500000000,0.698554997089,0.693519922661,0.005035074428
8,7,0.750000000000,0.656250000000,0.628140040616,0.623612506493,0.004527534122
8,8,0.750000000000,0.750000000000,0.503630085477,0.500000000000,0.003630085477
8,9,0.750000000000,0.843750000000,0.335747845388,0.333327829239,0.002420016149
8,10,0.750000000000,0.937500000000,0.138951226124,0.137949689641,0.001001536483
8,11,0.750000000000,1.031250000000,-0.069811779619,-0.069308584600,-0.000503195020
8,12,0.750000000000,1.125000000000,-0.272562641977,-0.270598050073,-0.001964591904
8,13,0.750000000000,1.218750000000,-0.451840592833,-0.448583793171,-0.003256799662
8,14,0.750000000000,1.312500000000,-0.592206335446,-0.587937801210,-0.004268534236
8,15,0.750000000000,1.406250000000,-0.681571666319,-0.676659000587,-0.004912665732
8,16,0.750000000000,1.500000000000,-0.712240503168,-0.707106781187,-0.005133721981
8,17,0.750000000000,1.593750000000,-0.681571666357,-0.676659000587,-0.004912665769
8,18,0.750000000000,1.687500000000,-0.592206335519,-0.587937801210,-0.004268534309
8,19,0.750000000000,1.781250000000,-0.451840592939,-0.448583793171,-0.003256799767
8,20,0.750000000000,1.875000000000,-0.272562642111,-0.270598050073,-0.001964592038
8,21,0.750000000000,1.968750000000,-0.069811779775,-0.069308584600,-0.000503195176
8,22,0.750000000000,2.062500000000,0.138951225953,0.137949689641,0.001001536312
8,23,0.750000000000,2.156250000000,0.335747845209,0.333327829239,0.002420015970
8,24,0.750000000000,2.250000000000,0.503630085297,0.500000000000,0.003630085297
8,25,0.750000000000,2.343750000000,0.628140040444,0.623612506493,0.004527533950
8,26,0.750000000000,2.437500000000,0.698554996931,0.693519922661,0.005035074270
8,27,0.750000000000,2.531250000000,0.708810866007,0.703701868763,0.005108997244
8,28,0.750000000000,2.625000000000,0.658024419132,0.653281482438,0.004742936693
8,29,0.750000000000,2.718750000000,0.550569351030,0.546600933501,0.003968417529
8,30,0.750000000000,2.812500000000,0.395699620035,0.392847479194,0.002852140842
8,31,0.750000000000,2.906250000000,0.206752503414,0.205262263761,0.001490239653
8,32,0.750000000000,3.000000000000,0.000000000000,0.000000000000,-0.000000000000
9,0,0.843750000000,0.000000000000,0.000000000000,0.000000000000,0.000000000000
9,1,0.843750000000,0.093750000000,0.137832726203,0.136839249608,0.000993476595
9,2,0.843750000000,0.187500000000,0.263795390553,0.261893994923,0.001901395629
9,3,0.843750000000,0.281250000000,0.367040172950,0.364394605248,0.002645567703
9,4,0.843750000000,0.375000000000,0.438675702038,0.435513796846,0.003161905192
9,5,0.843750000000,0.468750000000,0.472532774129,0.469126832692,0.003405941436
9,6,0.843750000000,0.562500000000,0.465695640885,0.462338980709,0.003356660176
9,7,0.843750000000,0.656250000000,0.418753111611,0.415734806151,0.003018305460
9,8,0.843750000000,0.750000000000,0.335747845388,0.333327829239,0.002420016149
9,9,0.843750000000,0.843750000000,0.223828199989,0.222214883490,0.001613316499
9,10,0.843750000000,0.937500000000,0.092632620109,0.091964941185,0.000667678925
9,11,0.843750000000,1.031250000000,-0.046540419020,-0.046204960104,-0.000335458915
9,12,0.843750000000,1.125000000000,-0.181705428731,-0.180395721254,-0.001309707477
9,13,0.843750000000,1.218750000000,-0.301222089159,-0.299050924019,-0.002171165140
9,14,0.843750000000,1.312500000000,-0.394797705766,-0.391952062009,-0.002845643757
9,15,0.843750000000,1.406250000000,-0.454373609290,-0.451098551601,-0.003275057689
9,16,0.843750000000,1.500000000000,-0.474819162928,-0.471396736826,-0.003422426102
9,17,0.843750000000,1.593750000000,-0.454373609330,-0.451098551601,-0.003275057729
9,18,0.843750000000,1.687500000000,-0.394797705843,-0.391952062009,-0.002845643834
9,19,0.843750000000,1.781250000000,-0.301222089271,-0.299050924019,-0.002171165251
9,20,0.843750000000,1.875000000000,-0.181705428873,-0.180395721254,-0.001309707618
9,21,0.843750000000,1.968750000000,-0.046540419184,-0.046204960104,-0.000335459080
9,22,0.843750000000,2.062500000000,0.092632619929,0.091964941185,0.000667678744
9,23,0.843750000000,2.156250000000,0.223828199800,0.222214883490,0.001613316310
9,24,0.843750000000,2.250000000000,0.335747845199,0.333327829239,0.002420015960
9,25,0.843750000000,2.343750000000,0.418753111430,0.415734806151,0.003018305279
9,26,0.843750000000,2.437500000000,0.465695640720,0.462338980709,0.003356660010
9,27,0.843750000000,2.531250000000,0.472532773984,0.469126832692,0.003405941292
9,28,0.843750000000,2.625000000000,0.438675701920,0.435513796846,0.003161905074
9,29,0.843750000000,2.718750000000,0.367040172862,0.364394605248,0.002645567615
9,30,0.843750000000,2.812500000000,0.263795390495,0.261893994923,0.001901395572
9,31,0.843750000000,2.906250000000,0.137832726176,0.136839249608,0.000993476567
9,32,0.843750000000,3.000000000000,0.000000000000,0.000000000000,-0.000000000000
10,0,0.937500000000,0.000000000000,0.000000000000,0.000000000000,0.000000000000
10,1,0.937500000000,0.093750000000,0.057042887111,0.056631731162,0.000411155949
10,2,0.937500000000,0.187500000000,0.109173279062,0.108386375662,0.000786903400
10,3,0.937500000000,0.281250000000,0.151901741476,0.150806858268,0.001094883208
10,4,0.937500000000,0.375000000000,0.181548527835,0.180239955502,0.001308572333
10,5,0.937500000000,0.468750000000,0.195560476780,0.194150908792,0.001409567988
10,6,0.937500000000,0.562500000000,0.192730888652,0.191341716183,0.001389172469
10,7,0.937500000000,0.656250000000,0.173303445658,0.172054303455,0.001249142204
10,8,0.937500000000,0.750000000000,0.138951226124,0.137949689641,0.001001536483
10,9,0.937500000000,0.843750000000,0.092632620109,0.091964941185,0.000667678925
10,10,0.937500000000,0.937500000000,0.038336554845,0.038060233744,0.000276321100
10,11,0.937500000000,1.031250000000,-0.019261029003,-0.019122195470,-0.000138833533
10,12,0.937500000000,1.125000000000,-0.075199866203,-0.074657834050,-0.000542032152
10,13,0.937500000000,1.218750000000,-0.124662541667,-0.123763990092,-0.000898551574
10,14,0.937500000000,1.312500000000,-0.163389363006,-0.162211674411,-0.001177688595
10,15,0.937500000000,1.406250000000,-0.188045202378,-0.186689798248,-0.001355404130
10,16,0.937500000000,1.500000000000,-0.196506715457,-0.195090322016,-0.001416393441
10,17,0.937500000000,1.593750000000,-0.188045202420,-0.186689798248,-0.001355404171
10,18,0.937500000000,1.687500000000,-0.163389363087,-0.162211674411,-0.001177688676
10,19,0.937500000000,1.781250000000,-0.124662541783,-0.123763990092,-0.000898551691
10,20,0.937500000000,1.875000000000,-0.075199866350,-0.074657834050,-0.000542032299
10,21,0.937500000000,1.968750000000,-0.019261029174,-0.019122195470,-0.000138833704
10,22,0.937500000000,2.062500000000,0.038336554657,0.038060233744,0.000276320913
10,23,0.937500000000,2.156250000000,0.092632619914,0.091964941185,0.000667678729
10,24,0.937500000000,2.250000000000,0.138951225929,0.137949689641,0.001001536287
10,25,0.937500000000,2.343750000000,0.173303445471,0.172054303455,0.001249142017
10,26,0.937500000000,2.437500000000,0.192730888481,0.191341716183,0.001389172298
10,27,0.937500000000,2.531250000000,0.195560476631,0.194150908792,0.001409567839
10,28,0.937500000000,2.625000000000,0.181548527714,0.180239955502,0.001308572212
10,29,0.937500000000,2.718750000000,0.151901741386,0.150806858268,0.001094883117
10,30,0.937500000000,2.812500000000,0.109173279004,0.108386375662,0.000786903341
10,31,0.937500000000,2.906250000000,0.057042887084,0.056631731162,0.000411155922
10,32,0.937500000000,3.000000000000,0.000000000000,0.000000000000,-0.000000000000
11,0,1.031250000000,0.000000000000,0.000000000000,-0.000000000000,0.000000000000
11,1,1.031250000000,0.093750000000,-0.028659447142,-0.028452873946,-0.000206573196
11,2,1.031250000000,0.187500000000,-0.054850761966,-0.054455405493,-0.000395356473
11,3,1.031250000000,0.281250000000,-0.076318366054,-0.075768274083,-0.000550091970
11,4,1.031250000000,0.375000000000,-0.091213483782,-0.090556029786,-0.000657453996
11,5,1.031250000000,0.468750000000,-0.098253357641,-0.097545161008,-0.000708196633
11,6,1.031250000000,0.562500000000,-0.096831718446,-0.096133768462,-0.000697949984
11,7,1.031250000000,0.656250000000,-0.087070996835,-0.086443400327,-0.000627596507
11,8,1.031250000000,0.750000000000,-0.069811779619,-0.069308584600,-0.000503195020
11,9,1.031250000000,0.843750000000,-0.046540419020,-0.046204960104,-0.000335458915
11,10,1.031250000000,0.937500000000,-0.019261029003,-0.019122195470,-0.000138833533
11,11,1.031250000000,1.031250000000,0.009677107661,0.009607359798,0.000069747863
11,12,1.031250000000,1.125000000000,0.037781858060,0.037509535692,0.000272322368
11,13,1.031250000000,1.218750000000,0.062632859948,0.062181415558,0.000451444390
11,14,1.031250000000,1.312500000000,0.082089961718,0.081498273669,0.000591688049
11,15,1.031250000000,1.406250000000,0.094477530824,0.093796555174,0.000680975649
11,16,1.031250000000,1.500000000000,0.098728758126,0.098017140330,0.000711617796
11,17,1.031250000000,1.593750000000,0.094477530782,0.093796555174,0.000680975607
11,18,1.031250000000,1.687500000000,0.082089961636,0.081498273669,0.000591687967
11,19,1.031250000000,1.781250000000,0.062632859829,0.062181415558,0.000451444271
11,20,1.031250000000,1.875000000000,0.037781857910,0.037509535692,0.000272322218
11,21,1.031250000000,1.968750000000,0.009677107486,0.009607359798,0.000069747688
11,22,1.031250000000,2.062500000000,-0.019261029195,-0.019122195470,-0.000138833725
11,23,1.031250000000,2.156250000000,-0.046540419219,-0.046204960104,-0.000335459115
11,24,1.031250000000,2.250000000000,-0.069811779818,-0.069308584600,-0.000503195219
11,25,1.031250000000,2.343750000000,-0.087070997025,-0.086443400327,-0.000627596698
11,26,1.031250000000,2.437500000000,-0.096831718620,-0.096133768462,-0.000697950158
11,27,1.031250000000,2.531250000000,-0.098253357792,-0.097545161008,-0.000708196784
11,28,1.031250000000,2.625000000000,-0.091213483904,-0.090556029786,-0.000657454119
11,29,1.031250000000,2.718750000000,-0.076318366144,-0.075768274083,-0.000550092061
11,30,1.031250000000,2.812500000000,-0.054850762024,-0.054455405493,-0.000395356532
11,31,1.031250000000,2.906250000000,-0.028659447169,-0.028452873946,-0.000206573223
11,32,1.031250000000,3.000000000000,0.000000000000,-0.000000000000,0.000000000000
12,0,1.125000000000,0.000000000000,0.000000000000,-0.000000000000,0.000000000000
12,1,1.125000000000,0.093750000000,-0.111893649079,-0.111087136655,-0.000806512424
12,2,1.125000000000,0.187500000000,-0.214151092259,-0.212607523692,-0.001543568567
12,3,1.125000000000,0.281250000000,-0.297965987224,-0.295818293547,-0.002147693677
12,4,1.125000000000,0.375000000000,-0.356120251529,-0.353553390593,-0.002566860936
12,5,1.125000000000,0.468750000000,-0.383605679007,-0.380840707040,-0.002764971967
12,6,1.125000000000,0.562500000000,-0.378055243126,-0.375330277518,-0.002724965608
12,7,1.125000000000,0.656250000000,-0.339946943723,-0.337496656517,-0.002450287206
12,8,1.125000000000,0.750000000000,-0.272562641977,-0.270598050073,-0.001964591904
12,9,1.125000000000,0.843750000000,-0.181705428731,-0.180395721254,-0.001309707477
12,10,1.125000000000,0.937500000000,-0.075199866203,-0.074657834050,-0.000542032152
12,11,1.125000000000,1.031250000000,0.037781858060,0.037509535692,0.000272322368
12,12,1.125000000000,1.125000000000,0.147509833811,0.146446609407,0.001063224404
12,13,1.125000000000,1.218750000000,0.244534361443,0.242771799453,0.001762561990
12,14,1.125000000000,1.312500000000,0.320499753776,0.318189645143,0.002310108632
12,15,1.125000000000,1.406250000000,0.368863922220,0.366205212247,0.002658709973
12,16,1.125000000000,1.500000000000,0.385461777059,0.382683432365,0.002778344694
12,17,1.125000000000,1.593750000000,0.368863922177,0.366205212247,0.002658709930
12,18,1.125000000000,1.687500000000,0.320499753692,0.318189645143,0.002310108549
12,19,1.125000000000,1.781250000000,0.244534361323,0.242771799453,0.001762561870
12,20,1.125000000000,1.875000000000,0.147509833660,0.146446609407,0.001063224253
12,21,1.125000000000,1.968750000000,0.037781857884,0.037509535692,0.000272322192
12,22,1.125000000000,2.062500000000,-0.075199866395,-0.074657834050,-0.000542032345
12,23,1.125000000000,2.156250000000,-0.181705428932,-0.180395721254,-0.001309707678
12,24,1.125000000000,2.250000000000,-0.272562642177,-0.270598050073,-0.001964592104
12,25,1.125000000000,2.343750000000,-0.339946943914,-0.337496656517,-0.002450287397
12,26,1.125000000000,2.437500000000,-0.378055243300,-0.375330277518,-0.002724965782
12,27,1.125000000000,2.531250000000,-0.383605679157,-0.380840707040,-0.002764972117
12,28,1.125000000000,2.625000000000,-0.356120251651,-0.353553390593,-0.002566861057
12,29,1.125000000000,2.718750000000,-0.297965987314,-0.295818293547,-0.002147693767
12,30,1.125000000000,2.812500000000,-0.214151092316,-0.212607523692,-0.001543568624
12,31,1.125000000000,2.906250000000,-0.111893649105,-0.111087136655,-0.000806512451
12,32,1.125000000000,3.000000000000,0.000000000000,-0.000000000000,0.000000000000
13,0,1.218750000000,0.000000000000,0.000000000000,-0.000000000000,0.000000000000
13,1,1.218750000000,0.093750000000,-0.185491645118,-0.184154649746,-0.001336995372
13,2,1.218750000000,0.187500000000,-0.355008874338,-0.352450024709,-0.002558849629
13,3,1.218750000000,0.281250000000,-0.493952977734,-0.490392640202,-0.003560337532
13,4,1.218750000000,0.375000000000,-0.590358182448,-0.586102970801,-0.004255211647
13,5,1.218750000000,0.468750000000,-0.635922137013,-0.631338507103,-0.004583629910
13,6,1.218750000000,0.562500000000,-0.626720904282,-0.622203595094,-0.004517309187
13,7,1.218750000000,0.656250000000,-0.563546888267,-0.559484927264,-0.004061961003
13,8,1.218750000000,0.750000000000,-0.451840592833,-0.448583793171,-0.003256799662
13,9,1.218750000000,0.843750000000,-0.301222089159,-0.299050924019,-0.002171165140
13,10,1.218750000000,0.937500000000,-0.124662541667,-0.123763990092,-0.000898551574
13,11,1.218750000000,1.031250000000,0.062632859948,0.062181415558,0.000451444390
13,12,1.218750000000,1.125000000000,0.244534361443,0.242771799453,0.001762561990
13,13,1.218750000000,1.218750000000,0.405376727638,0.402454838992,0.002921888646
13,14,1.218750000000,1.312500000000,0.531308321943,0.527478738031,0.003829583912
13,15,1.218750000000,1.406250000000,0.611484000008,0.607076522334,0.004407477674
13,16,1.218750000000,1.500000000000,0.638999086268,0.634393284164,0.004605802104
13,17,1.218750000000,1.593750000000,0.611483999966,0.607076522334,0.004407477632
13,18,1.218750000000,1.687500000000,0.531308321860,0.527478738031,0.003829583829
13,19,1.218750000000,1.781250000000,0.405376727518,0.402454838992,0.002921888526
13,20,1.218750000000,1.875000000000,0.244534361293,0.242771799453,0.001762561840
13,21,1.218750000000,1.968750000000,0.062632859773,0.062181415558,0.000451444215
13,22,1.218750000000,2.062500000000,-0.124662541858,-0.123763990092,-0.000898551765
13,23,1.218750000000,2.156250000000,-0.301222089358,-0.299050924019,-0.002171165339
13,24,1.218750000000,2.250000000000,-0.451840593031,-0.448583793171,-0.003256799860
13,25,1.218750000000,2.343750000000,-0.563546888455,-0.559484927264,-0.004061961192
13,26,1.218750000000,2.437500000000,-0.626720904453,-0.622203595094,-0.004517309359
13,27,1.218750000000,2.531250000000,-0.635922137160,-0.631338507103,-0.004583630057
13,28,1.218750000000,2.625000000000,-0.590358182567,-0.586102970801,-0.004255211766
13,29,1.218750000000,2.718750000000,-0.493952977821,-0.490392640202,-0.003560337620
13,30,1.218750000000,2.812500000000,-0.355008874393,-0.352450024709,-0.002558849684
13,31,1.218750000000,2.906250000000,-0.185491645143,-0.184154649746,-0.001336995398
13,32,1.218750000000,3.000000000000,0.000000000000,-0.000000000000,0.000000000000
14,0,1.312500000000,0.000000000000,0.000000000000,-0.000000000000,0.000000000000
14,1,1.312500000000,0.093750000000,-0.243115225261,-0.241362888054,-0.001752337206
14,2,1.312500000000,0.187500000000,-0.465293530594,-0.461939766256,-0.003353764338
14,3,1.312500000000,0.281250000000,-0.647401069561,-0.642734701963,-0.004666367598
14,4,1.312500000000,0.375000000000,-0.773754863216,-0.768177756711,-0.005577106505
14,5,1.312500000000,0.468750000000,-0.833473407721,-0.827465858856,-0.006007548866
14,6,1.312500000000,0.562500000000,-0.821413782151,-0.815493156849,-0.005920625302
14,7,1.312500000000,0.656250000000,-0.738614553389,-0.733290731749,-0.005323821640
14,8,1.312500000000,0.750000000000,-0.592206335446,-0.587937801210,-0.004268534236
14,9,1.312500000000,0.843750000000,-0.394797705766,-0.391952062009,-0.002845643757
14,10,1.312500000000,0.937500000000,-0.163389363006,-0.162211674411,-0.001177688595
14,11,1.312500000000,1.031250000000,0.082089961718,0.081498273669,0.000591688049
14,12,1.312500000000,1.125000000000,0.320499753776,0.318189645143,0.002310108632
14,13,1.312500000000,1.218750000000,0.531308321943,0.527478738031,0.003829583912
14,14,1.312500000000,1.312500000000,0.696360973870,0.691341716183,0.005019257687
14,15,1.312500000000,1.406250000000,0.801443485990,0.795666809948,0.005776676042
14,16,1.312500000000,1.500000000000,0.837506222913,0.831469612303,0.006036610610
14,17,1.312500000000,1.593750000000,0.801443485948,0.795666809948,0.005776676000
14,18,1.312500000000,1.687500000000,0.696360973788,0.691341716183,0.005019257606
14,19,1.312500000000,1.781250000000,0.531308321826,0.527478738031,0.003829583795
14,20,1.312500000000,1.875000000000,0.320499753627,0.318189645143,0.002310108484
14,21,1.312500000000,1.968750000000,0.082089961546,0.081498273669,0.000591687878
14,22,1.312500000000,2.062500000000,-0.163389363194,-0.162211674411,-0.001177688783
14,23,1.312500000000,2.156250000000,-0.394797705961,-0.391952062009,-0.002845643952
14,24,1.312500000000,2.250000000000,-0.592206335640,-0.587937801210,-0.004268534430
14,25,1.312500000000,2.343750000000,-0.738614553573,-0.733290731749,-0.005323821824
14,26,1.312500000000,2.437500000000,-0.821413782318,-0.815493156849,-0.005920625469
14,27,1.312500000000,2.531250000000,-0.833473407864,-0.827465858856,-0.006007549009
14,28,1.312500000000,2.625000000000,-0.773754863331,-0.768177756711,-0.005577106620
14,29,1.312500000000,2.718750000000,-0.647401069645,-0.642734701963,-0.004666367682
14,30,1.312500000000,2.812500000000,-0.465293530647,-0.461939766256,-0.003353764391
14,31,1.312500000000,2.906250000000,-0.243115225284,-0.241362888054,-0.001752337230
14,32,1.312500000000,3.000000000000,0.000000000000,-0.000000000000,0.000000000000
15,0,1.406250000000,0.000000000000,0.000000000000,-0.000000000000,0.000000000000
15,1,1.406250000000,0.093750000000,-0.279801885478,-0.277785116510,-0.002016768968
15,2,1.406250000000,0.187500000000,-0.535507420485,-0.531647565309,-0.003859855176
15,3,1.406250000000,0.281250000000,-0.745095416076,-0.739724882765,-0.005370533310
15,4,1.406250000000,0.375000000000,-0.890516294832,-0.884097590017,-0.006418704815
15,5,1.406250000000,0.468750000000,-0.959246508352,-0.952332406457,-0.006914101895
15,6,1.406250000000,0.562500000000,-0.945367056826,-0.938552995510,-0.006814061316
15,7,1.406250000000,0.656250000000,-0.850073229327,-0.843946030795,-0.006127198532
15,8,1.406250000000,0.750000000000,-0.681571666319,-0.676659000587,-0.004912665732
15,9,1.406250000000,0.843750000000,-0.454373609290,-0.451098551601,-0.003275057689
15,10,1.406250000000,0.937500000000,-0.188045202378,-0.186689798248,-0.001355404130
15,11,1.406250000000,1.031250000000,0.094477530824,0.093796555174,0.000680975649
15,12,1.406250000000,1.125000000000,0.368863922220,0.366205212247,0.002658709973
15,13,1.406250000000,1.218750000000,0.611484000008,0.607076522334,0.004407477674
15,14,1.406250000000,1.312500000000,0.801443485990,0.795666809948,0.005776676042
15,15,1.406250000000,1.406250000000,0.922383196774,0.915734806151,0.006648390622
15,16,1.406250000000,1.500000000000,0.963887885668,0.956940335732,0.006947549936
15,17,1.406250000000,1.593750000000,0.922383196733,0.915734806151,0.006648390582
15,18,1.406250000000,1.687500000000,0.801443485910,0.795666809948,0.005776675962
15,19,1.406250000000,1.781250000000,0.611483999894,0.607076522334,0.004407477560
15,20,1.406250000000,1.875000000000,0.368863922076,0.366205212247,0.002658709829
15,21,1.406250000000,1.968750000000,0.094477530657,0.093796555174,0.000680975482
15,22,1.406250000000,2.062500000000,-0.188045202560,-0.186689798248,-0.001355404312
15,23,1.406250000000,2.156250000000,-0.454373609479,-0.451098551601,-0.003275057878
15,24,1.406250000000,2.250000000000,-0.681571666506,-0.676659000587,-0.004912665919
15,25,1.406250000000,2.343750000000,-0.850073229504,-0.843946030795,-0.006127198709
15,26,1.406250000000,2.437500000000,-0.945367056986,-0.938552995510,-0.006814061476
15,27,1.406250000000,2.531250000000,-0.959246508489,-0.952332406457,-0.006914102032
15,28,1.406250000000,2.625000000000,-0.890516294942,-0.884097590017,-0.006418704924
15,29,1.406250000000,2.718750000000,-0.745095416155,-0.739724882765,-0.005370533390
15,30,1.406250000000,2.812500000000,-0.535507420534,-0.531647565309,-0.003859855226
15,31,1.406250000000,2.906250000000,-0.279801885500,-0.277785116510,-0.002016768990
15,32,1.406250000000,3.000000000000,0.000000000000,-0.000000000000,0.000000000000
16,0,1.500000000000,0.000000000000,0.000000000000,-0.000000000000,0.000000000000
16,1,1.500000000000,0.093750000000,-0.292392195226,-0.290284677254,-0.002107517971
16,2,1.500000000000,0.187500000000,-0.559603770960,-0.555570233020,-0.004033537940
16,3,1.500000000000,0.281250000000,-0.778622645755,-0.773010453363,-0.005612192392
16,4,1.500000000000,0.375000000000,-0.930587061210,-0.923879532511,-0.006707528699
16,5,1.500000000000,0.468750000000,-1.002409943934,-0.995184726672,-0.007225217262
16,6,1.500000000000,0.562500000000,-0.987905955525,-0.980785280403,-0.007120675122
16,7,1.500000000000,0.656250000000,-0.888324169752,-0.881921264348,-0.006402905404
16,8,1.500000000000,0.750000000000,-0.712240503168,-0.707106781187,-0.005133721981
16,9,1.500000000000,0.843750000000,-0.474819162928,-0.471396736826,-0.003422426102
16,10,1.500000000000,0.937500000000,-0.196506715457,-0.195090322016,-0.001416393441
16,11,1.500000000000,1.031250000000,0.098728758126,0.098017140330,0.000711617796
16,12,1.500000000000,1.125000000000,0.385461777059,0.382683432365,0.002778344694
16,13,1.500000000000,1.218750000000,0.638999086268,0.634393284164,0.004605802104
16,14,1.500000000000,1.312500000000,0.837506222913,0.831469612303,0.006036610610
16,15,1.500000000000,1.406250000000,0.963887885668,0.956940335732,0.006947549936
16,16,1.500000000000,1.500000000000,1.007260170593,1.000000000000,0.007260170593
16,17,1.500000000000,1.593750000000,0.963887885629,0.956940335732,0.006947549897
16,18,1.500000000000,1.687500000000,0.837506222837,0.831469612303,0.006036610534
16,19,1.500000000000,1.781250000000,0.638999086158,0.634393284164,0.004605801994
16,20,1.500000000000,1.875000000000,0.385461776920,0.382683432365,0.002778344555
16,21,1.500000000000,1.968750000000,0.098728757966,0.098017140330,0.000711617636
16,22,1.500000000000,2.062500000000,-0.196506715632,-0.195090322016,-0.001416393616
16,23,1.500000000000,2.156250000000,-0.474819163109,-0.471396736826,-0.003422426283
16,24,1.500000000000,2.250000000000,-0.712240503346,-0.707106781187,-0.005133722160
16,25,1.500000000000,2.343750000000,-0.888324169921,-0.881921264348,-0.006402905573
16,26,1.500000000000,2.437500000000,-0.987905955677,-0.980785280403,-0.007120675274
16,27,1.500000000000,2.531250000000,-1.002409944064,-0.995184726672,-0.007225217392
16,28,1.500000000000,2.625000000000,-0.930587061313,-0.923879532511,-0.006707528801
16,29,1.500000000000,2.718750000000,-0.778622645829,-0.773010453363,-0.005612192467
16,30,1.500000000000,2.812500000000,-0.559603771006,-0.555570233020,-0.004033537986
16,31,1.500000000000,2.906250000000,-0.292392195246,-0.290284677254,-0.002107517992
16,32,1.500000000000,3.000000000000,0.000000000000,-0.000000000000,0.000000000000
17,0,1.593750000000,0.000000000000,0.000000000000,-0.000000000000,0.000000000000
17,1,1.593750000000,0.093750000000,-0.279801885484,-0.277785116510,-0.002016768974
17,2,1.593750000000,0.187500000000,-0.535507420497,-0.531647565309,-0.003859855188
17,3,1.593750000000,0.281250000000,-0.745095416093,-0.739724882765,-0.005370533328
17,4,1.593750000000,0.375000000000,-0.890516294855,-0.884097590017,-0.006418704838
17,5,1.593750000000,0.468750000000,-0.959246508379,-0.952332406457,-0.006914101922
17,6,1.593750000000,0.562500000000,-0.945367056857,-0.938552995510,-0.006814061347
17,7,1.593750000000,0.656250000000,-0.850073229361,-0.843946030795,-0.006127198567
17,8,1.593750000000,0.750000000000,-0.681571666357,-0.676659000587,-0.004912665769
17,9,1.593750000000,0.843750000000,-0.454373609330,-0.451098551601,-0.003275057729
17,10,1.593750000000,0.937500000000,-0.188045202420,-0.186689798248,-0.001355404171
17,11,1.593750000000,1.031250000000,0.094477530782,0.093796555174,0.000680975607
17,12,1.593750000000,1.125000000000,0.368863922177,0.366205212247,0.002658709930
17,13,1.593750000000,1.218750000000,0.611483999966,0.607076522334,0.004407477632
17,14,1.593750000000,1.312500000000,0.801443485948,0.795666809948,0.005776676000
17,15,1.593750000000,1.406250000000,0.922383196733,0.915734806151,0.006648390582
17,16,1.593750000000,1.500000000000,0.963887885629,0.956940335732,0.006947549897
17,17,1.593750000000,1.593750000000,0.922383196696,0.915734806151,0.006648390544
17,18,1.593750000000,1.687500000000,0.801443485875,0.795666809948,0.005776675927
17,19,1.593750000000,1.781250000000,0.611483999861,0.607076522334,0.004407477527
17,20,1.593750000000,1.875000000000,0.368863922045,0.366205212247,0.002658709799
17,21,1.593750000000,1.968750000000,0.094477530629,0.093796555174,0.000680975455
17,22,1.593750000000,2.062500000000,-0.188045202585,-0.186689798248,-0.001355404337
17,23,1.593750000000,2.156250000000,-0.454373609501,-0.451098551601,-0.003275057900
17,24,1.593750000000,2.250000000000,-0.681571666526,-0.676659000587,-0.004912665938
17,25,1.593750000000,2.343750000000,-0.850073229521,-0.843946030795,-0.006127198726
17,26,1.593750000000,2.437500000000,-0.945367057000,-0.938552995510,-0.006814061490
17,27,1.593750000000,2.531250000000,-0.959246508501,-0.952332406457,-0.006914102043
17,28,1.593750000000,2.625000000000,-0.890516294951,-0.884097590017,-0.006418704933
17,29,1.593750000000,2.718750000000,-0.745095416161,-0.739724882765,-0.005370533396
17,30,1.593750000000,2.812500000000,-0.535507420538,-0.531647565309,-0.003859855230
17,31,1.593750000000,2.906250000000,-0.279801885502,-0.277785116510,-0.002016768992
17,32,1.593750000000,3.000000000000,0.000000000000,-0.000000000000,0.000000000000
18,0,1.687500000000,0.000000000000,0.000000000000,-0.000000000000,0.000000000000
18,1,1.687500000000,0.093750000000,-0.243115225273,-0.241362888054,-0.001752337218
18,2,1.687500000000,0.187500000000,-0.465293530617,-0.461939766256,-0.003353764362
18,3,1.687500000000,0.281250000000,-0.647401069596,-0.642734701963,-0.004666367632
18,4,1.687500000000,0.375000000000,-0.773754863260,-0.768177756711,-0.005577106549
18,5,1.687500000000,0.468750000000,-0.833473407774,-0.827465858856,-0.006007548919
18,6,1.687500000000,0.562500000000,-0.821413782212,-0.815493156849,-0.005920625363
18,7,1.687500000000,0.656250000000,-0.738614553457,-0.733290731749,-0.005323821708
18,8,1.687500000000,0.750000000000,-0.592206335519,-0.587937801210,-0.004268534309
18,9,1.687500000000,0.843750000000,-0.394797705843,-0.391952062009,-0.002845643834
18,10,1.687500000000,0.937500000000,-0.163389363087,-0.162211674411,-0.001177688676
18,11,1.687500000000,1.031250000000,0.082089961636,0.081498273669,0.000591687967
18,12,1.687500000000,1.125000000000,0.320499753692,0.318189645143,0.002310108549
18,13,1.687500000000,1.218750000000,0.531308321860,0.527478738031,0.003829583829
18,14,1.687500000000,1.312500000000,0.696360973788,0.691341716183,0.005019257606
18,15,1.687500000000,1.406250000000,0.801443485910,0.795666809948,0.005776675962
18,16,1.687500000000,1.500000000000,0.837506222837,0.831469612303,0.006036610534
18,17,1.687500000000,1.593750000000,0.801443485875,0.795666809948,0.005776675927
18,18,1.687500000000,1.687500000000,0.696360973720,0.691341716183,0.005019257537
18,19,1.687500000000,1.781250000000,0.531308321762,0.527478738031,0.003829583731
18,20,1.687500000000,1.875000000000,0.320499753568,0.318189645143,0.002310108425
18,21,1.687500000000,1.968750000000,0.082089961493,0.081498273669,0.000591687824
18,22,1.687500000000,2.062500000000,-0.163389363242,-0.162211674411,-0.001177688831
18,23,1.687500000000,2.156250000000,-0.394797706004,-0.391952062009,-0.002845643994
18,24,1.687500000000,2.250000000000,-0.592206335677,-0.587937801210,-0.004268534467
18,25,1.687500000000,2.343750000000,-0.738614553605,-0.733290731749,-0.005323821856
18,26,1.687500000000,2.437500000000,-0.821413782345,-0.815493156849,-0.005920625496
18,27,1.687500000000,2.531250000000,-0.833473407886,-0.827465858856,-0.006007549031
18,28,1.687500000000,2.625000000000,-0.773754863348,-0.768177756711,-0.005577106637
18,29,1.687500000000,2.718750000000,-0.647401069658,-0.642734701963,-0.004666367694
18,30,1.687500000000,2.812500000000,-0.465293530655,-0.461939766256,-0.003353764399
18,31,1.687500000000,2.906250000000,-0.243115225288,-0.241362888054,-0.001752337234
18,32,1.687500000000,3.000000000000,0.000000000000,-0.000000000000,0.000000000000
19,0,1.781250000000,0.000000000000,0.000000000000,-0.000000000000,0.000000000000
19,1,1.781250000000,0.093750000000,-0.185491645135,-0.184154649746,-0.001336995390
19,2,1.781250000000,0.187500000000,-0.355008874372,-0.352450024709,-0.002558849663
19,3,1.781250000000,0.281250000000,-0.493952977784,-0.490392640202,-0.003560337582
19,4,1.781250000000,0.375000000000,-0.590358182512,-0.586102970801,-0.004255211711
19,5,1.781250000000,0.468750000000,-0.635922137090,-0.631338507103,-0.004583629986
19,6,1.781250000000,0.562500000000,-0.626720904370,-0.622203595094,-0.004517309276
19,7,1.781250000000,0.656250000000,-0.563546888365,-0.559484927264,-0.004061961101
19,8,1.781250000000,0.750000000000,-0.451840592939,-0.448583793171,-0.003256799767
19,9,1.781250000000,0.843750000000,-0.301222089271,-0.299050924019,-0.002171165251
19,10,1.781250000000,0.937500000000,-0.124662541783,-0.123763990092,-0.000898551691
19,11,1.781250000000,1.031250000000,0.062632859829,0.062181415558,0.000451444271
19,12,1.781250000000,1.125000000000,0.244534361323,0.242771799453,0.001762561870
19,13,1.781250000000,1.218750000000,0.405376727518,0.402454838992,0.002921888526
19,14,1.781250000000,1.312500000000,0.531308321826,0.527478738031,0.003829583795
19,15,1.781250000000,1.406250000000,0.611483999894,0.607076522334,0.004407477560
19,16,1.781250000000,1.500000000000,0.638999086158,0.634393284164,0.004605801994
19,17,1.781250000000,1.593750000000,0.611483999861,0.607076522334,0.004407477527
19,18,1.781250000000,1.687500000000,0.531308321762,0.527478738031,0.003829583731
19,19,1.781250000000,1.781250000000,0.405376727426,0.402454838992,0.002921888435
19,20,1.781250000000,1.875000000000,0.244534361208,0.242771799453,0.001762561755
19,21,1.781250000000,1.968750000000,0.062632859696,0.062181415558,0.000451444138
19,22,1.781250000000,2.062500000000,-0.124662541927,-0.123763990092,-0.000898551835
19,23,1.781250000000,2.156250000000,-0.301222089419,-0.299050924019,-0.002171165400
19,24,1.781250000000,2.250000000000,-0.451840593085,-0.448583793171,-0.003256799913
19,25,1.781250000000,2.343750000000,-0.563546888501,-0.559484927264,-0.004061961238
19,26,1.781250000000,2.437500000000,-0.626720904492,-0.622203595094,-0.004517309397
19,27,1.781250000000,2.531250000000,-0.635922137191,-0.631338507103,-0.004583630088
19,28,1.781250000000,2.625000000000,-0.590358182592,-0.586102970801,-0.004255211790
19,29,1.781250000000,2.718750000000,-0.493952977839,-0.490392640202,-0.003560337638
19,30,1.781250000000,2.812500000000,-0.355008874405,-0.352450024709,-0.002558849696
19,31,1.781250000000,2.906250000000,-0.185491645149,-0.184154649746,-0.001336995403
19,32,1.781250000000,3.000000000000,0.000000000000,-0.000000000000,0.000000000000
20,0,1.875000000000,0.000000000000,0.000000000000,-0.000000000000,0.000000000000
20,1,1.875000000000,0.093750000000,-0.111893649101,-0.111087136655,-0.000806512446
20,2,1.875000000000,0.187500000000,-0.214151092302,-0.212607523692,-0.001543568610
20,3,1.875000000000,0.281250000000,-0.297965987287,-0.295818293547,-0.002147693740
20,4,1.875000000000,0.375000000000,-0.356120251610,-0.353553390593,-0.002566861017
20,5,1.875000000000,0.468750000000,-0.383605679105,-0.380840707040,-0.002764972064
20,6,1.875000000000,0.562500000000,-0.378055243238,-0.375330277518,-0.002724965720
20,7,1.875000000000,0.656250000000,-0.339946943847,-0.337496656517,-0.002450287330
20,8,1.875000000000,0.750000000000,-0.272562642111,-0.270598050073,-0.001964592038
20,9,1.875000000000,0.843750000000,-0.181705428873,-0.180395721254,-0.001309707618
20,10,1.875000000000,0.937500000000,-0.075199866350,-0.074657834050,-0.000542032299
20,11,1.875000000000,1.031250000000,0.037781857910,0.037509535692,0.000272322218
20,12,1.875000000000,1.125000000000,0.147509833660,0.146446609407,0.001063224253
20,13,1.875000000000,1.218750000000,0.244534361293,0.242771799453,0.001762561840
20,14,1.875000000000,1.312500000000,0.320499753627,0.318189645143,0.002310108484
20,15,1.875000000000,1.406250000000,0.368863922076,0.366205212247,0.002658709829
20,16,1.875000000000,1.500000000000,0.385461776920,0.382683432365,0.002778344555
20,17,1.875000000000,1.593750000000,0.368863922045,0.366205212247,0.002658709799
20,18,1.875000000000,1.687500000000,0.320499753568,0.318189645143,0.002310108425
20,19,1.875000000000,1.781250000000,0.244534361208,0.242771799453,0.001762561755
20,20,1.875000000000,1.875000000000,0.147509833553,0.146446609407,0.001063224147
20,21,1.875000000000,1.968750000000,0.037781857788,0.037509535692,0.000272322096
20,22,1.875000000000,2.062500000000,-0.075199866482,-0.074657834050,-0.000542032432
20,23,1.875000000000,2.156250000000,-0.181705429009,-0.180395721254,-0.001309707754
20,24,1.875000000000,2.250000000000,-0.272562642244,-0.270598050073,-0.001964592171
20,25,1.875000000000,2.343750000000,-0.339946943971,-0.337496656517,-0.002450287454
20,26,1.875000000000,2.437500000000,-0.378055243348,-0.375330277518,-0.002724965830
20,27,1.875000000000,2.531250000000,-0.383605679196,-0.380840707040,-0.002764972156
20,28,1.875000000000,2.625000000000,-0.356120251681,-0.353553390593,-0.002566861088
20,29,1.875000000000,2.718750000000,-0.297965987336,-0.295818293547,-0.002147693789
20,30,1.875000000000,2.812500000000,-0.214151092330,-0.212607523692,-0.001543568638
20,31,1.875000000000,2.906250000000,-0.111893649112,-0.111087136655,-0.000806512458
20,32,1.875000000000,3.000000000000,0.000000000000,-0.000000000000,0.000000000000
21,0,1.968750000000,0.000000000000,0.000000000000,-0.000000000000,0.000000000000
21,1,1.968750000000,0.093750000000,-0.028659447168,-0.028452873946,-0.000206573222
21,2,1.968750000000,0.187500000000,-0.054850762017,-0.054455405493,-0.000395356524
21,3,1.968750000000,0.281250000000,-0.076318366127,-0.075768274083,-0.000550092044
21,4,1.968750000000,0.375000000000,-0.091213483877,-0.090556029786,-0.000657454091
21,5,1.968750000000,0.468750000000,-0.098253357755,-0.097545161008,-0.000708196747
21,6,1.968750000000,0.562500000000,-0.096831718577,-0.096133768462,-0.000697950114
21,7,1.968750000000,0.656250000000,-0.087070996979,-0.086443400327,-0.000627596652
21,8,1.968750000000,0.750000000000,-0.069811779775,-0.069308584600,-0.000503195176
21,9,1.968750000000,0.843750000000,-0.046540419184,-0.046204960104,-0.000335459080
21,10,1.968750000000,0.937500000000,-0.019261029174,-0.019122195470,-0.000138833704
21,11,1.968750000000,1.031250000000,0.009677107486,0.009607359798,0.000069747688
21,12,1.968750000000,1.125000000000,0.037781857884,0.037509535692,0.000272322192
21,13,1.968750000000,1.218750000000,0.062632859773,0.062181415558,0.000451444215
21,14,1.968750000000,1.312500000000,0.082089961546,0.081498273669,0.000591687878
21,15,1.968750000000,1.406250000000,0.094477530657,0.093796555174,0.000680975482
21,16,1.968750000000,1.500000000000,0.098728757966,0.098017140330,0.000711617636
21,17,1.968750000000,1.593750000000,0.094477530629,0.093796555174,0.000680975455
21,18,1.968750000000,1.687500000000,0.082089961493,0.081498273669,0.000591687824
21,19,1.968750000000,1.781250000000,0.062632859696,0.062181415558,0.000451444138
21,20,1.968750000000,1.875000000000,0.037781857788,0.037509535692,0.000272322096
21,21,1.968750000000,1.968750000000,0.009677107375,0.009607359798,0.000069747577
21,22,1.968750000000,2.062500000000,-0.019261029294,-0.019122195470,-0.000138833824
21,23,1.968750000000,2.156250000000,-0.046540419307,-0.046204960104,-0.000335459203
21,24,1.968750000000,2.250000000000,-0.069811779895,-0.069308584600,-0.000503195296
21,25,1.968750000000,2.343750000000,-0.087070997091,-0.086443400327,-0.000627596763
21,26,1.968750000000,2.437500000000,-0.096831718675,-0.096133768462,-0.000697950213
21,27,1.968750000000,2.531250000000,-0.098253357836,-0.097545161008,-0.000708196828
21,28,1.968750000000,2.625000000000,-0.091213483939,-0.090556029786,-0.000657454153
21,29,1.968750000000,2.718750000000,-0.076318366170,-0.075768274083,-0.000550092086
21,30,1.968750000000,2.812500000000,-0.054850762041,-0.054455405493,-0.000395356548
21,31,1.968750000000,2.906250000000,-0.028659447177,-0.028452873946,-0.000206573231
21,32,1.968750000000,3.000000000000,0.000000000000,-0.000000000000,0.000000000000
22,0,2.062500000000,0.000000000000,0.000000000000,0.000000000000,0.000000000000
22,1,2.062500000000,0.093750000000,0.057042887083,0.056631731162,0.000411155921
22,2,2.062500000000,0.187500000000,0.109173279007,0.108386375662,0.000786903344
22,3,2.062500000000,0.281250000000,0.151901741395,0.150806858268,0.001094883127
22,4,2.062500000000,0.375000000000,0.181548527731,0.180239955502,0.001308572229
22,5,2.062500000000,0.468750000000,0.195560476655,0.194150908792,0.001409567863
22,6,2.062500000000,0.562500000000,0.192730888509,0.191341716183,0.001389172326
22,7,2.062500000000,0.656250000000,0.173303445500,0.172054303455,0.001249142045
22,8,2.062500000000,0.750000000000,0.138951225953,0.137949689641,0.001001536312
22,9,2.062500000000,0.843750000000,0.092632619929,0.091964941185,0.000667678744
22,10,2.062500000000,0.937500000000,0.038336554657,0.038060233744,0.000276320913
22,11,2.062500000000,1.031250000000,-0.019261029195,-0.019122195470,-0.000138833725
22,12,2.062500000000,1.125000000000,-0.075199866395,-0.074657834050,-0.000542032345
22,13,2.062500000000,1.218750000000,-0.124662541858,-0.123763990092,-0.000898551765
22,14,2.062500000000,1.312500000000,-0.163389363194,-0.162211674411,-0.001177688783
22,15,2.062500000000,1.406250000000,-0.188045202560,-0.186689798248,-0.001355404312
22,16,2.062500000000,1.500000000000,-0.196506715632,-0.195090322016,-0.001416393616
22,17,2.062500000000,1.593750000000,-0.188045202585,-0.186689798248,-0.001355404337
22,18,2.062500000000,1.687500000000,-0.163389363242,-0.162211674411,-0.001177688831
22,19,2.062500000000,1.781250000000,-0.124662541927,-0.123763990092,-0.000898551835
22,20,2.062500000000,1.875000000000,-0.075199866482,-0.074657834050,-0.000542032432
22,21,2.062500000000,1.968750000000,-0.019261029294,-0.019122195470,-0.000138833824
22,22,2.062500000000,2.062500000000,0.038336554550,0.038060233744,0.000276320805
22,23,2.062500000000,2.156250000000,0.092632619819,0.091964941185,0.000667678634
22,24,2.062500000000,2.250000000000,0.138951225846,0.137949689641,0.001001536205
22,25,2.062500000000,2.343750000000,0.173303445401,0.172054303455,0.001249141946
22,26,2.062500000000,2.437500000000,0.192730888422,0.191341716183,0.001389172239
22,27,2.062500000000,2.531250000000,0.195560476583,0.194150908792,0.001409567791
22,28,2.062500000000,2.625000000000,0.181548527677,0.180239955502,0.001308572175
22,29,2.062500000000,2.718750000000,0.151901741359,0.150806858268,0.001094883090
22,30,2.062500000000,2.812500000000,0.109173278986,0.108386375662,0.000786903324
22,31,2.062500000000,2.906250000000,0.057042887075,0.056631731162,0.000411155913
22,32,2.062500000000,3.000000000000,0.000000000000,0.000000000000,-0.000000000000
23,0,2.156250000000,0.000000000000,0.000000000000,0.000000000000,0.000000000000
23,1,2.156250000000,0.093750000000,0.137832726173,0.136839249608,0.000993476565
23,2,2.156250000000,0.187500000000,0.263795390494,0.261893994923,0.001901395571
23,3,2.156250000000,0.281250000000,0.367040172866,0.364394605248,0.002645567618
23,4,2.156250000000,0.375000000000,0.438675701929,0.435513796846,0.003161905083
23,5,2.156250000000,0.468750000000,0.472532773998,0.469126832692,0.003405941305
23,6,2.156250000000,0.562500000000,0.465695640736,0.462338980709,0.003356660027
23,7,2.156250000000,0.656250000000,0.418753111446,0.415734806151,0.003018305294
23,8,2.156250000000,0.750000000000,0.335747845209,0.333327829239,0.002420015970
23,9,2.156250000000,0.843750000000,0.223828199800,0.222214883490,0.001613316310
23,10,2.156250000000,0.937500000000,0.092632619914,0.091964941185,0.000667678729
23,11,2.156250000000,1.031250000000,-0.046540419219,-0.046204960104,-0.000335459115
23,12,2.156250000000,1.125000000000,-0.181705428932,-0.180395721254,-0.001309707678
23,13,2.156250000000,1.218750000000,-0.301222089358,-0.299050924019,-0.002171165339
23,14,2.156250000000,1.312500000000,-0.394797705961,-0.391952062009,-0.002845643952
23,15,2.156250000000,1.406250000000,-0.454373609479,-0.451098551601,-0.003275057878
23,16,2.156250000000,1.500000000000,-0.474819163109,-0.471396736826,-0.003422426283
23,17,2.156250000000,1.593750000000,-0.454373609501,-0.451098551601,-0.003275057900
23,18,2.156250000000,1.687500000000,-0.394797706004,-0.391952062009,-0.002845643994
23,19,2.156250000000,1.781250000000,-0.301222089419,-0.299050924019,-0.002171165400
23,20,2.156250000000,1.875000000000,-0.181705429009,-0.180395721254,-0.001309707754
23,21,2.156250000000,1.968750000000,-0.046540419307,-0.046204960104,-0.000335459203
23,22,2.156250000000,2.062500000000,0.092632619819,0.091964941185,0.000667678634
23,23,2.156250000000,2.156250000000,0.223828199703,0.222214883490,0.001613316213
23,24,2.156250000000,2.250000000000,0.335747845115,0.333327829239,0.002420015876
23,25,2.156250000000,2.343750000000,0.418753111359,0.415734806151,0.003018305208
23,26,2.156250000000,2.437500000000,0.465695640660,0.462338980709,0.003356659951
23,27,2.156250000000,2.531250000000,0.472532773936,0.469126832692,0.003405941244
23,28,2.156250000000,2.625000000000,0.438675701883,0.435513796846,0.003161905037
23,29,2.156250000000,2.718750000000,0.367040172835,0.364394605248,0.002645567587
23,30,2.156250000000,2.812500000000,0.263795390478,0.261893994923,0.001901395555
23,31,2.156250000000,2.906250000000,0.137832726167,0.136839249608,0.000993476559
23,32,2.156250000000,3.000000000000,0.000000000000,0.000000000000,-0.000000000000
24,0,2.250000000000,0.000000000000,0.000000000000,0.000000000000,0.000000000000
24,1,2.250000000000,0.093750000000,0.206752503410,0.205262263761,0.001490239649
24,2,2.250000000000,0.187500000000,0.395699620032,0.392847479194,0.002852140838
24,3,2.250000000000,0.281250000000,0.550569351029,0.546600933501,0.003968417528
24,4,2.250000000000,0.375000000000,0.658024419135,0.653281482438,0.004742936697
24,5,2.250000000000,0.468750000000,0.708810866013,0.703701868763,0.005108997250
24,6,2.250000000000,0.562500000000,0.698554996939,0.693519922661,0.005035074278
24,7,2.250000000000,0.656250000000,0.628140040449,0.623612506493,0.004527533956
24,8,2.250000000000,0.750000000000,0.503630085297,0.500000000000,0.003630085297
24,9,2.250000000000,0.843750000000,0.335747845199,0.333327829239,0.002420015960
24,10,2.250000000000,0.937500000000,0.138951225929,0.137949689641,0.001001536287
24,11,2.250000000000,1.031250000000,-0.069811779818,-0.069308584600,-0.000503195219
24,12,2.250000000000,1.125000000000,-0.272562642177,-0.270598050073,-0.001964592104
24,13,2.250000000000,1.218750000000,-0.451840593031,-0.448583793171,-0.003256799860
24,14,2.250000000000,1.312500000000,-0.592206335640,-0.587937801210,-0.004268534430
24,15,2.250000000000,1.406250000000,-0.681571666506,-0.676659000587,-0.004912665919
24,16,2.250000000000,1.500000000000,-0.712240503346,-0.707106781187,-0.005133722160
24,17,2.250000000000,1.593750000000,-0.681571666526,-0.676659000587,-0.004912665938
24,18,2.250000000000,1.687500000000,-0.592206335677,-0.587937801210,-0.004268534467
24,19,2.250000000000,1.781250000000,-0.451840593085,-0.448583793171,-0.003256799913
24,20,2.250000000000,1.875000000000,-0.272562642244,-0.270598050073,-0.001964592171
24,21,2.250000000000,1.968750000000,-0.069811779895,-0.069308584600,-0.000503195296
24,22,2.250000000000,2.062500000000,0.138951225846,0.137949689641,0.001001536205
24,23,2.250000000000,2.156250000000,0.335747845115,0.333327829239,0.002420015876
24,24,2.250000000000,2.250000000000,0.503630085216,0.500000000000,0.003630085216
24,25,2.250000000000,2.343750000000,0.628140040375,0.623612506493,0.004527533881
24,26,2.250000000000,2.437500000000,0.698554996874,0.693519922661,0.005035074213
24,27,2.250000000000,2.531250000000,0.708810865961,0.703701868763,0.005108997198
24,28,2.250000000000,2.625000000000,0.658024419096,0.653281482438,0.004742936658
24,29,2.250000000000,2.718750000000,0.550569351004,0.546600933501,0.003968417503
24,30,2.250000000000,2.812500000000,0.395699620019,0.392847479194,0.002852140825
24,31,2.250000000000,2.906250000000,0.206752503406,0.205262263761,0.001490239645
24,32,2.250000000000,3.000000000000,0.000000000000,0.000000000000,-0.000000000000
25,0,2.343750000000,0.000000000000,0.000000000000,0.000000000000,0.000000000000
25,1,2.343750000000,0.093750000000,0.257866893857,0.256008229585,0.001858664272
25,2,2.343750000000,0.187500000000,0.493526463945,0.489969202339,0.003557261606
25,3,2.343750000000,0.281250000000,0.686683866302,0.681734356384,0.004949509918
25,4,2.343750000000,0.375000000000,0.820704515115,0.814789005418,0.005915509697
25,5,2.343750000000,0.468750000000,0.884046642078,0.877674572407,0.006372069672
25,6,2.343750000000,0.562500000000,0.871255265730,0.864975394547,0.006279871183
25,7,2.343750000000,0.656250000000,0.783431970795,0.777785116510,0.005646854285
25,8,2.343750000000,0.750000000000,0.628140040444,0.623612506493,0.004527533950
25,9,2.343750000000,0.843750000000,0.418753111430,0.415734806151,0.003018305279
25,10,2.343750000000,0.937500000000,0.173303445471,0.172054303455,0.001249142017
25,11,2.343750000000,1.031250000000,-0.087070997025,-0.086443400327,-0.000627596698
25,12,2.343750000000,1.125000000000,-0.339946943914,-0.337496656517,-0.002450287397
25,13,2.343750000000,1.218750000000,-0.563546888455,-0.559484927264,-0.004061961192
25,14,2.343750000000,1.312500000000,-0.738614553573,-0.733290731749,-0.005323821824
25,15,2.343750000000,1.406250000000,-0.850073229504,-0.843946030795,-0.006127198709
25,16,2.343750000000,1.500000000000,-0.888324169921,-0.881921264348,-0.006402905573
25,17,2.343750000000,1.593750000000,-0.850073229521,-0.843946030795,-0.006127198726
25,18,2.343750000000,1.687500000000,-0.738614553605,-0.733290731749,-0.005323821856
25,19,2.343750000000,1.781250000000,-0.563546888501,-0.559484927264,-0.004061961238
25,20,2.343750000000,1.875000000000,-0.339946943971,-0.337496656517,-0.002450287454
25,21,2.343750000000,1.968750000000,-0.087070997091,-0.086443400327,-0.000627596763
25,22,2.343750000000,2.062500000000,0.173303445401,0.172054303455,0.001249141946
25,23,2.343750000000,2.156250000000,0.418753111359,0.415734806151,0.003018305208
25,24,2.343750000000,2.250000000000,0.628140040375,0.623612506493,0.004527533881
25,25,2.343750000000,2.343750000000,0.783431970732,0.777785116510,0.005646854222
25,26,2.343750000000,2.437500000000,0.871255265676,0.864975394547,0.006279871129
25,27,2.343750000000,2.531250000000,0.884046642035,0.877674572407,0.006372069628
25,28,2.343750000000,2.625000000000,0.820704515083,0.814789005418,0.005915509665
25,29,2.343750000000,2.718750000000,0.686683866282,0.681734356384,0.004949509898
25,30,2.343750000000,2.812500000000,0.493526463935,0.489969202339,0.003557261596
25,31,2.343750000000,2.906250000000,0.257866893854,0.256008229585,0.001858664269
25,32,2.343750000000,3.000000000000,0.000000000000,0.000000000000,-0.000000000000
26,0,2.437500000000,0.000000000000,0.000000000000,0.000000000000,0.000000000000
26,1,2.437500000000,0.093750000000,0.286773960533,0.284706938578,0.002067021956
26,2,2.437500000000,0.187500000000,0.548851140127,0.544895106776,0.003956033351
26,3,2.437500000000,0.281250000000,0.763661628032,0.758157274256,0.005504353776
26,4,2.437500000000,0.375000000000,0.912706089247,0.906127446353,0.006578642894
26,5,2.437500000000,0.468750000000,0.983148914835,0.976062531202,0.007086383633
26,6,2.437500000000,0.562500000000,0.968923615937,0.961939766256,0.006983849682
26,7,2.437500000000,0.656250000000,0.871255265728,0.864975394547,0.006279871181
26,8,2.437500000000,0.750000000000,0.698554996931,0.693519922661,0.005035074270
26,9,2.437500000000,0.843750000000,0.465695640720,0.462338980709,0.003356660010
26,10,2.437500000000,0.937500000000,0.192730888481,0.191341716183,0.001389172298
26,11,2.437500000000,1.031250000000,-0.096831718620,-0.096133768462,-0.000697950158
26,12,2.437500000000,1.125000000000,-0.378055243300,-0.375330277518,-0.002724965782
26,13,2.437500000000,1.218750000000,-0.626720904453,-0.622203595094,-0.004517309359
26,14,2.437500000000,1.312500000000,-0.821413782318,-0.815493156849,-0.005920625469
26,15,2.437500000000,1.406250000000,-0.945367056986,-0.938552995510,-0.006814061476
26,16,2.437500000000,1.500000000000,-0.987905955677,-0.980785280403,-0.007120675274
26,17,2.437500000000,1.593750000000,-0.945367057000,-0.938552995510,-0.006814061490
26,18,2.437500000000,1.687500000000,-0.821413782345,-0.815493156849,-0.005920625496
26,19,2.437500000000,1.781250000000,-0.626720904492,-0.622203595094,-0.004517309397
26,20,2.437500000000,1.875000000000,-0.378055243348,-0.375330277518,-0.002724965830
26,21,2.437500000000,1.968750000000,-0.096831718675,-0.096133768462,-0.000697950213
26,22,2.437500000000,2.062500000000,0.192730888422,0.191341716183,0.001389172239
26,23,2.437500000000,2.156250000000,0.465695640660,0.462338980709,0.003356659951
26,24,2.437500000000,2.250000000000,0.698554996874,0.693519922661,0.005035074213
26,25,2.437500000000,2.343750000000,0.871255265676,0.864975394547,0.006279871129
26,26,2.437500000000,2.437500000000,0.968923615893,0.961939766256,0.006983849637
26,27,2.437500000000,2.531250000000,0.983148914799,0.976062531202,0.007086383597
26,28,2.437500000000,2.625000000000,0.912706089222,0.906127446353,0.006578642869
26,29,2.437500000000,2.718750000000,0.763661628016,0.758157274256,0.005504353760
26,30,2.437500000000,2.812500000000,0.548851140120,0.544895106776,0.003956033344
26,31,2.437500000000,2.906250000000,0.286773960532,0.284706938578,0.002067021954
26,32,2.437500000000,3.000000000000,0.000000000000,0.000000000000,-0.000000000000
27,0,2.531250000000,0.000000000000,0.000000000000,0.000000000000,0.000000000000
27,1,2.531250000000,0.093750000000,0.290984246269,0.288886877191,0.002097369078
27,2,2.531250000000,0.187500000000,0.556909124620,0.552895010495,0.004014114125
27,3,2.531250000000,0.281250000000,0.774873363073,0.769288196745,0.005585166328
27,4,2.531250000000,0.375000000000,0.926106027752,0.919430800040,0.006675227712
27,5,2.531250000000,0.468750000000,0.997583063108,0.990392640202,0.007190422906
27,6,2.531250000000,0.562500000000,0.983148914835,0.976062531202,0.007086383633
27,7,2.531250000000,0.656250000000,0.884046642077,0.877674572407,0.006372069670
27,8,2.531250000000,0.750000000000,0.708810866007,0.703701868763,0.005108997244
27,9,2.531250000000,0.843750000000,0.472532773984,0.469126832692,0.003405941292
27,10,2.531250000000,0.937500000000,0.195560476631,0.194150908792,0.001409567839
27,11,2.531250000000,1.031250000000,-0.098253357792,-0.097545161008,-0.000708196784
27,12,2.531250000000,1.125000000000,-0.383605679157,-0.380840707040,-0.002764972117
27,13,2.531250000000,1.218750000000,-0.635922137160,-0.631338507103,-0.004583630057
27,14,2.531250000000,1.312500000000,-0.833473407864,-0.827465858856,-0.006007549009
27,15,2.531250000000,1.406250000000,-0.959246508489,-0.952332406457,-0.006914102032
27,16,2.531250000000,1.500000000000,-1.002409944064,-0.995184726672,-0.007225217392
27,17,2.531250000000,1.593750000000,-0.959246508501,-0.952332406457,-0.006914102043
27,18,2.531250000000,1.687500000000,-0.833473407886,-0.827465858856,-0.006007549031
27,19,2.531250000000,1.781250000000,-0.635922137191,-0.631338507103,-0.004583630088
27,20,2.531250000000,1.875000000000,-0.383605679196,-0.380840707040,-0.002764972156
27,21,2.531250000000,1.968750000000,-0.098253357836,-0.097545161008,-0.000708196828
27,22,2.531250000000,2.062500000000,0.195560476583,0.194150908792,0.001409567791
27,23,2.531250000000,2.156250000000,0.472532773936,0.469126832692,0.003405941244
27,24,2.531250000000,2.250000000000,0.708810865961,0.703701868763,0.005108997198
27,25,2.531250000000,2.343750000000,0.884046642035,0.877674572407,0.006372069628
27,26,2.531250000000,2.437500000000,0.983148914799,0.976062531202,0.007086383597
27,27,2.531250000000,2.531250000000,0.997583063080,0.990392640202,0.007190422878
27,28,2.531250000000,2.625000000000,0.926106027733,0.919430800040,0.006675227692
27,29,2.531250000000,2.718750000000,0.774873363061,0.769288196745,0.005585166316
27,30,2.531250000000,2.812500000000,0.556909124614,0.552895010495,0.004014114120
27,31,2.531250000000,2.906250000000,0.290984246268,0.288886877191,0.002097369077
27,32,2.531250000000,3.000000000000,0.000000000000,0.000000000000,-0.000000000000
28,0,2.625000000000,0.000000000000,0.000000000000,0.000000000000,0.000000000000
28,1,2.625000000000,0.093750000000,0.270135164085,0.268188071917,0.001947092168
28,2,2.625000000000,0.187500000000,0.517006469214,0.513279967159,0.003726502055
28,3,2.625000000000,0.281250000000,0.719353524341,0.714168536279,0.005184988062
28,4,2.625000000000,0.375000000000,0.859750336934,0.853553390593,0.006196946341
28,5,2.625000000000,0.468750000000,0.926106027754,0.919430800040,0.006675227713
28,6,2.625000000000,0.562500000000,0.912706089249,0.906127446353,0.006578642896
28,7,2.625000000000,0.656250000000,0.820704515115,0.814789005418,0.005915509698
28,8,2.625000000000,0.750000000000,0.658024419132,0.653281482438,0.004742936693
28,9,2.625000000000,0.843750000000,0.438675701920,0.435513796846,0.003161905074
28,10,2.625000000000,0.937500000000,0.181548527714,0.180239955502,0.001308572212
28,11,2.625000000000,1.031250000000,-0.091213483904,-0.090556029786,-0.000657454119
28,12,2.625000000000,1.125000000000,-0.356120251651,-0.353553390593,-0.002566861057
28,13,2.625000000000,1.218750000000,-0.590358182567,-0.586102970801,-0.004255211766
28,14,2.625000000000,1.312500000000,-0.773754863331,-0.768177756711,-0.005577106620
28,15,2.625000000000,1.406250000000,-0.890516294942,-0.884097590017,-0.006418704924
28,16,2.625000000000,1.500000000000,-0.930587061313,-0.923879532511,-0.006707528801
28,17,2.625000000000,1.593750000000,-0.890516294951,-0.884097590017,-0.006418704933
28,18,2.625000000000,1.687500000000,-0.773754863348,-0.768177756711,-0.005577106637
28,19,2.625000000000,1.781250000000,-0.590358182592,-0.586102970801,-0.004255211790
28,20,2.625000000000,1.875000000000,-0.356120251681,-0.353553390593,-0.002566861088
28,21,2.625000000000,1.968750000000,-0.091213483939,-0.090556029786,-0.000657454153
28,22,2.625000000000,2.062500000000,0.181548527677,0.180239955502,0.001308572175
28,23,2.625000000000,2.156250000000,0.438675701883,0.435513796846,0.003161905037
28,24,2.625000000000,2.250000000000,0.658024419096,0.653281482438,0.004742936658
28,25,2.625000000000,2.343750000000,0.820704515083,0.814789005418,0.005915509665
28,26,2.625000000000,2.437500000000,0.912706089222,0.906127446353,0.006578642869
28,27,2.625000000000,2.531250000000,0.926106027733,0.919430800040,0.006675227692
28,28,2.625000000000,2.625000000000,0.859750336920,0.853553390593,0.006196946326
28,29,2.625000000000,2.718750000000,0.719353524332,0.714168536279,0.005184988053
28,30,2.625000000000,2.812500000000,0.517006469210,0.513279967159,0.003726502051
28,31,2.625000000000,2.906250000000,0.270135164085,0.268188071917,0.001947092168
28,32,2.625000000000,3.000000000000,0.000000000000,0.000000000000,-0.000000000000
29,0,2.718750000000,0.000000000000,0.000000000000,0.000000000000,0.000000000000
29,1,2.718750000000,0.093750000000,0.226022222944,0.224393089969,0.001629132976
29,2,2.718750000000,0.187500000000,0.432579563806,0.429461597701,0.003117966104
29,3,2.718750000000,0.281250000000,0.601883443075,0.597545161008,0.004338282067
29,4,2.718750000000,0.375000000000,0.719353524342,0.714168536279,0.005184988063
29,5,2.718750000000,0.468750000000,0.774873363076,0.769288196745,0.005585166331
29,6,2.718750000000,0.562500000000,0.763661628035,0.758157274256,0.005504353779
29,7,2.718750000000,0.656250000000,0.686683866305,0.681734356384,0.004949509921
29,8,2.718750000000,0.750000000000,0.550569351030,0.546600933501,0.003968417529
29,9,2.718750000000,0.843750000000,0.367040172862,0.364394605248,0.002645567615
29,10,2.718750000000,0.937500000000,0.151901741386,0.150806858268,0.001094883117
29,11,2.718750000000,1.031250000000,-0.076318366144,-0.075768274083,-0.000550092061
29,12,2.718750000000,1.125000000000,-0.297965987314,-0.295818293547,-0.002147693767
29,13,2.718750000000,1.218750000000,-0.493952977821,-0.490392640202,-0.003560337620
29,14,2.718750000000,1.312500000000,-0.647401069645,-0.642734701963,-0.004666367682
29,15,2.718750000000,1.406250000000,-0.745095416155,-0.739724882765,-0.005370533390
29,16,2.718750000000,1.500000000000,-0.778622645829,-0.773010453363,-0.005612192467
29,17,2.718750000000,1.593750000000,-0.745095416161,-0.739724882765,-0.005370533396
29,18,2.718750000000,1.687500000000,-0.647401069658,-0.642734701963,-0.004666367694
29,19,2.718750000000,1.781250000000,-0.493952977839,-0.490392640202,-0.003560337638
29,20,2.718750000000,1.875000000000,-0.297965987336,-0.295818293547,-0.002147693789
29,21,2.718750000000,1.968750000000,-0.076318366170,-0.075768274083,-0.000550092086
29,22,2.718750000000,2.062500000000,0.151901741359,0.150806858268,0.001094883090
29,23,2.718750000000,2.156250000000,0.367040172835,0.364394605248,0.002645567587
29,24,2.718750000000,2.250000000000,0.550569351004,0.546600933501,0.003968417503
29,25,2.718750000000,2.343750000000,0.686683866282,0.681734356384,0.004949509898
29,26,2.718750000000,2.437500000000,0.763661628016,0.758157274256,0.005504353760
29,27,2.718750000000,2.531250000000,0.774873363061,0.769288196745,0.005585166316
29,28,2.718750000000,2.625000000000,0.719353524332,0.714168536279,0.005184988053
29,29,2.718750000000,2.718750000000,0.601883443069,0.597545161008,0.004338282061
29,30,2.718750000000,2.812500000000,0.432579563803,0.429461597701,0.003117966102
29,31,2.718750000000,2.906250000000,0.226022222944,0.224393089969,0.001629132975
29,32,2.718750000000,3.000000000000,0.000000000000,0.000000000000,-0.000000000000
30,0,2.812500000000,0.000000000000,0.000000000000,0.000000000000,0.000000000000
30,1,2.812500000000,0.093750000000,0.162444399720,0.161273525784,0.001170873935
30,2,2.812500000000,0.187500000000,0.310899196805,0.308658283817,0.002240912988
30,3,2.812500000000,0.281250000000,0.432579563807,0.429461597701,0.003117966106
30,4,2.812500000000,0.375000000000,0.517006469217,0.513279967159,0.003726502057
30,5,2.812500000000,0.468750000000,0.556909124624,0.552895010495,0.004014114129
30,6,2.812500000000,0.562500000000,0.548851140132,0.544895106776,0.003956033356
30,7,2.812500000000,0.656250000000,0.493526463950,0.489969202339,0.003557261611
30,8,2.812500000000,0.750000000000,0.395699620035,0.392847479194,0.002852140842
30,9,2.812500000000,0.843750000000,0.263795390495,0.261893994923,0.001901395572
30,10,2.812500000000,0.937500000000,0.109173279004,0.108386375662,0.000786903341
30,11,2.812500000000,1.031250000000,-0.054850762024,-0.054455405493,-0.000395356532
30,12,2.812500000000,1.125000000000,-0.214151092316,-0.212607523692,-0.001543568624
30,13,2.812500000000,1.218750000000,-0.355008874393,-0.352450024709,-0.002558849684
30,14,2.812500000000,1.312500000000,-0.465293530647,-0.461939766256,-0.003353764391
30,15,2.812500000000,1.406250000000,-0.535507420534,-0.531647565309,-0.003859855226
30,16,2.812500000000,1.500000000000,-0.559603771006,-0.555570233020,-0.004033537986
30,17,2.812500000000,1.593750000000,-0.535507420538,-0.531647565309,-0.003859855230
30,18,2.812500000000,1.687500000000,-0.465293530655,-0.461939766256,-0.003353764399
30,19,2.812500000000,1.781250000000,-0.355008874405,-0.352450024709,-0.002558849696
30,20,2.812500000000,1.875000000000,-0.214151092330,-0.212607523692,-0.001543568638
30,21,2.812500000000,1.968750000000,-0.054850762041,-0.054455405493,-0.000395356548
30,22,2.812500000000,2.062500000000,0.109173278986,0.108386375662,0.000786903324
30,23,2.812500000000,2.156250000000,0.263795390478,0.261893994923,0.001901395555
30,24,2.812500000000,2.250000000000,0.395699620019,0.392847479194,0.002852140825
30,25,2.812500000000,2.343750000000,0.493526463935,0.489969202339,0.003557261596
30,26,2.812500000000,2.437500000000,0.548851140120,0.544895106776,0.003956033344
30,27,2.812500000000,2.531250000000,0.556909124614,0.552895010495,0.004014114120
30,28,2.812500000000,2.625000000000,0.517006469210,0.513279967159,0.003726502051
30,29,2.812500000000,2.718750000000,0.432579563803,0.429461597701,0.003117966102
30,30,2.812500000000,2.812500000000,0.310899196804,0.308658283817,0.002240912986
30,31,2.812500000000,2.906250000000,0.162444399720,0.161273525784,0.001170873935
30,32,2.812500000000,3.000000000000,0.000000000000,0.000000000000,-0.000000000000
31,0,2.906250000000,0.000000000000,0.000000000000,0.000000000000,0.000000000000
31,1,2.906250000000,0.093750000000,0.084876973860,0.084265193849,0.000611780011
31,2,2.906250000000,0.187500000000,0.162444399720,0.161273525784,0.001170873936
31,3,2.906250000000,0.281250000000,0.226022222946,0.224393089969,0.001629132977
31,4,2.906250000000,0.375000000000,0.270135164088,0.268188071917,0.001947092171
31,5,2.906250000000,0.468750000000,0.290984246272,0.288886877191,0.002097369081
31,6,2.906250000000,0.562500000000,0.286773960537,0.284706938578,0.002067021960
31,7,2.906250000000,0.656250000000,0.257866893862,0.256008229585,0.001858664276
31,8,2.906250000000,0.750000000000,0.206752503414,0.205262263761,0.001490239653
31,9,2.906250000000,0.843750000000,0.137832726176,0.136839249608,0.000993476567
31,10,2.906250000000,0.937500000000,0.057042887084,0.056631731162,0.000411155922
31,11,2.906250000000,1.031250000000,-0.028659447169,-0.028452873946,-0.000206573223
31,12,2.906250000000,1.125000000000,-0.111893649105,-0.111087136655,-0.000806512451
31,13,2.906250000000,1.218750000000,-0.185491645143,-0.184154649746,-0.001336995398
31,14,2.906250000000,1.312500000000,-0.243115225284,-0.241362888054,-0.001752337230
31,15,2.906250000000,1.406250000000,-0.279801885500,-0.277785116510,-0.002016768990
31,16,2.906250000000,1.500000000000,-0.292392195246,-0.290284677254,-0.002107517992
31,17,2.906250000000,1.593750000000,-0.279801885502,-0.277785116510,-0.002016768992
31,18,2.906250000000,1.687500000000,-0.243115225288,-0.241362888054,-0.001752337234
31,19,2.906250000000,1.781250000000,-0.185491645149,-0.184154649746,-0.001336995403
31,20,2.906250000000,1.875000000000,-0.111893649112,-0.111087136655,-0.000806512458
31,21,2.906250000000,1.968750000000,-0.028659447177,-0.028452873946,-0.000206573231
31,22,2.906250000000,2.062500000000,0.057042887075,0.056631731162,0.000411155913
31,23,2.906250000000,2.156250000000,0.137832726167,0.136839249608,0.000993476559
31,24,2.906250000000,2.250000000000,0.206752503406,0.205262263761,0.001490239645
31,25,2.906250000000,2.343750000000,0.257866893854,0.256008229585,0.001858664269
31,26,2.906250000000,2.437500000000,0.286773960532,0.284706938578,0.002067021954
31,27,2.906250000000,2.531250000000,0.290984246268,0.288886877191,0.002097369077
31,28,2.906250000000,2.625000000000,0.270135164085,0.268188071917,0.001947092168
31,29,2.906250000000,2.718750000000,0.226022222944,0.224393089969,0.001629132975
31,30,2.906250000000,2.812500000000,0.162444399720,0.161273525784,0.001170873935
31,31,2.906250000000,2.906250000000,0.084876973860,0.084265193849,0.000611780011
31,32,2.906250000000,3.000000000000,0.000000000000,0.000000000000,-0.000000000000
32,0,3.000000000000,0.000000000000,0.000000000000,0.000000000000,0.000000000000
32,1,3.000000000000,0.093750000000,0.000000000000,0.000000000000,-0.000000000000
32,2,3.000000000000,0.187500000000,0.000000000000,0.000000000000,-0.000000000000
32,3,3.000000000000,0.281250000000,0.000000000000,0.000000000000,-0.000000000000
32,4,3.000000000000,0.375000000000,0.000000000000,0.000000000000,-0.000000000000
32,5,3.000000000000,0.468750000000,0.000000000000,0.000000000000,-0.000000000000
32,6,3.000000000000,0.562500000000,0.000000000000,0.000000000000,-0.000000000000
32,7,3.000000000000,0.656250000000,0.000000000000,0.000000000000,-0.000000000000
32,8,3.000000000000,0.750000000000,0.000000000000,0.000000000000,-0.000000000000
32,9,3.000000000000,0.843750000000,0.000000000000,0.000000000000,-0.000000000000
32,10,3.000000000000,0.937500000000,0.000000000000,0.000000000000,-0.000000000000
32,11,3.000000000000,1.031250000000,0.000000000000,-0.000000000000,0.000000000000
32,12,3.000000000000,1.125000000000,0.000000000000,-0.000000000000,0.000000000000
32,13,3.000000000000,1.218750000000,0.000000000000,-0.000000000000,0.000000000000
32,14,3.000000000000,1.312500000000,0.000000000000,-0.000000000000,0.000000000000
32,15,3.000000000000,1.406250000000,0.000000000000,-0.000000000000,0.000000000000
32,16,3.000000000000,1.500000000000,0.000000000000,-0.000000000000,0.000000000000
32,17,3.000000000000,1.593750000000,0.000000000000,-0.000000000000,0.000000000000
32,18,3.000000000000,1.687500000000,0.000000000000,-0.000000000000,0.000000000000
32,19,3.000000000000,1.781250000000,0.000000000000,-0.000000000000,0.000000000000
32,20,3.000000000000,1.875000000000,0.000000000000,-0.000000000000,0.000000000000
32,21,3.000000000000,1.968750000000,0.000000000000,-0.000000000000,0.000000000000
32,22,3.000000000000,2.062500000000,0.000000000000,0.000000000000,-0.000000000000
32,23,3.000000000000,2.156250000000,0.000000000000,0.000000000000,-0.000000000000
32,24,3.000000000000,2.250000000000,0.000000000000,0.000000000000,-0.000000000000
32,25,3.000000000000,2.343750000000,0.000000000000,0.000000000000,-0.000000000000
32,26,3.000000000000,2.437500000000,0.000000000000,0.000000000000,-0.000000000000
32,27,3.000000000000,2.531250000000,0.000000000000,0.000000000000,-0.000000000000
32,28,3.000000000000,2.625000000000,0.000000000000,0.000000000000,-0.000000000000
32,29,3.000000000000,2.718750000000,0.000000000000,0.000000000000,-0.000000000000
32,30,3.000000000000,2.812500000000,0.000000000000,0.000000000000,-0.000000000000
32,31,3.000000000000,2.906250000000,0.000000000000,0.000000000000,-0.000000000000
32,32,3.000000000000,3.000000000000,0.000000000000,0.000000000000,-0.000000000000
