t,min_u,max_u,mass,center_x,center_y,shape_error
0,1.3887943864964e-11,0.960789439152324,1.57079393714646,2.5,2.5,0
0.02,3.24261150029277e-11,0.95917371874739,1.57079393714646,2.51999855113103,2.51999855113103,0.0115013771204357
0.04,6.56830195648636e-11,0.954424025137713,1.57079393714646,2.53999710226205,2.53999710226205,0.0227181632797357
0.06,1.25615737184379e-10,0.946742461366877,1.57079393714646,2.55999565339308,2.55999565339308,0.0336616368761553
0.08,2.34095767737411e-10,0.936343373446098,1.57079393714646,2.5799942045241,2.5799942045241,0.0443424465294032
0.1,4.22013853567124e-10,0.923449351299943,1.57079393714646,2.59999275565513,2.59999275565513,0.0547706570345791
0.12,4.41347059277378e-10,0.908287610181242,1.57079393714646,2.61999130678616,2.61999130678616,0.0649557911500723
0.14,4.69866237987752e-10,0.891086762584893,1.57079393714646,2.63998985791718,2.63998985791718,0.0749068676723172
0.16,5.29183060236111e-10,0.87207398063722,1.57079393714646,2.65998840904821,2.65998840904821,0.0846324361927208
0.18,6.34553618709216e-10,0.851472540818804,1.57079393714646,2.67998696017923,2.67998696017923,0.094140608882984
0.2,8.11960694365587e-10,0.829499736502366,1.57079393714646,2.69998551131026,2.69998551131026,0.103439089612958
0.22,1.10532606068625e-09,0.827911778342063,1.57079393714646,2.71998406244129,2.71998406244129,0.112535200504833
0.24,1.58837225787887e-09,0.824474440963981,1.57079393714646,2.73998261357231,2.73998261357231,0.121435906937221
0.26,2.38376098009065e-09,0.818853308747735,1.57079393714646,2.75998116470334,2.75998116470334,0.130147839709793
0.28,3.69341026849225e-09,0.811183508955993,1.57079393714646,2.77997971583436,2.77997971583436,0.138677316019417
0.3,5.56854862092828e-09,0.801607467107906,1.57079393714646,2.79997826696539,2.79997826696539,0.147030358687675
0.32,5.79895767825593e-09,0.790272733833322,1.57079393714646,2.81997681809642,2.81997681809642,0.155212713932788
0.34,6.10637688043414e-09,0.777329980912198,1.57079393714646,2.83997536922744,2.83997536922744,0.163229867817491
0.36,6.7331669166304e-09,0.762931176259457,1.57079393714646,2.85997392035847,2.85997392035847,0.171087061490617
0.38,7.80967231234016e-09,0.747227942935364,1.57079393714646,2.87997247148949,2.87997247148949,0.178789305328055
0.4,9.54066664136933e-09,0.730370103250093,1.57079393714646,2.89997102262052,2.89997102262052,0.186341392068044
0.42,1.2245744150423e-08,0.728969526082367,1.57079393714646,2.91996957375155,2.91996957375155,0.193747908692042
0.44,1.64197508098878e-08,0.726352960783327,1.57079393714646,2.93996812488257,2.93996812488257,0.201013248715288
0.46,2.28217402896991e-08,0.722044103603986,1.57079393714646,2.9599666760136,2.9599666760136,0.208141621895833
0.48,3.26038370822976e-08,0.716134006595786,1.57079393714646,2.97996522714462,2.97996522714462,0.215137064410048
0.5,4.49184854494588e-08,0.708719640076671,1.57079393714646,2.99996377827565,2.99996377827565,0.222003448080695
0.52,4.60453725989912e-08,0.699902520675752,1.57079393714646,3.01996232940668,3.01996232940668,0.228744489002219
0.54,4.82759676245065e-08,0.689787417346583,1.57079393714646,3.0399608805377,3.0399608805377,0.235363755610233
0.56,5.26040536955181e-08,0.678481144502328,1.57079393714646,3.05995943166873,3.05995943166873,0.24186467623795
0.58,5.97125883155109e-08,0.666091448847845,1.57079393714646,3.07995798279976,3.07995798279976,0.248250546198578
0.6,7.06139867386367e-08,0.652725994160786,1.57079393714646,3.09995653393078,3.09995653393078,0.254524534429334
0.62,8.67928576022687e-08,0.651523532699077,1.57079393714646,3.11995508506181,3.11995508506181,0.260689689072907
0.64,1.10404023721535e-07,0.649459120557619,1.57079393714646,3.13995363619283,3.13995363619283,0.266748945162847
0.66,1.44543351947101e-07,0.646043349484347,1.57079393714646,3.15995218732386,3.15995218732386,0.272705128371017
0.68,1.93613097975641e-07,0.641340653914424,1.57079393714646,3.17995073845489,3.17995073845489,0.278560960770599
0.7,2.50031419292634e-07,0.635420186830093,1.57079393714646,3.19994928958591,3.19994928958591,0.284319065715953
0.72,2.5341888649102e-07,0.62835491346661,1.57079393714646,3.21994784071694,3.21994784071694,0.289981972441481
0.74,2.64523246474848e-07,0.620220742344658,1.57079393714646,3.23994639184796,3.23994639184796,0.295552120398846
0.76,2.85032968807396e-07,0.611095700648609,1.57079393714646,3.25994494297899,3.25994494297899,0.301031863350391
0.78,3.17389925504737e-07,0.601059159525092,1.57079393714646,3.27994349411002,3.27994349411002,0.306423473235292
0.8,3.65058551641465e-07,0.590191113528355,1.57079393714646,3.29994204524104,3.29994204524104,0.311729143823769
0.82,4.32882552769034e-07,0.589163210670424,1.57079393714646,3.31994059637207,3.31994059637207,0.31695099298983
0.84,5.27551428919165e-07,0.58748989918582,1.57079393714646,3.33993914750309,3.33993914750309,0.322091069303556
0.86,6.58203078386206e-07,0.584711776902044,1.57079393714646,3.35993769863412,3.35993769863412,0.327151351904851
0.88,8.37193014514453e-07,0.580876194522306,1.57079393714646,3.37993624976515,3.37993624976515,0.332133754493802
0.9,1.02508689441341e-06,0.576034274440009,1.57079393714646,3.39993480089617,3.39993480089617,0.337040128105216
0.92,1.03866450569891e-06,0.570240288586869,1.57079393714646,3.4199333520272,3.4199333520272,0.341872263740203
0.94,1.07888397384699e-06,0.56355105434177,1.57079393714646,3.43993190315823,3.43993190315823,0.346631894863664
0.96,1.1503787448644e-06,0.556025353630196,1.57079393714646,3.45993045428925,3.45993045428925,0.351320699776016
0.98,1.25967452430933e-06,0.547723379509071,1.57079393714646,3.47992900542028,3.47992900542028,0.355940303866942
1,1.41573568846944e-06,0.538706213731597,1.57079393714646,3.4999275565513,3.4999275565513,0.360492281758521
1.02,1.63065637057339e-06,0.537824498943592,1.57079393714646,3.51992610768233,3.51992610768233,0.364978157393115
1.04,1.92052406849563e-06,0.536439174138709,1.57079393714646,3.53992465881336,3.53992465881336,0.369399411500109
1.06,2.30648689827118e-06,0.534133300573688,1.57079393714646,3.55992320994438,3.55992320994438,0.373757478061149
1.08,2.8160587972336e-06,0.530942735054739,1.57079393714646,3.57992176107541,3.57992176107541,0.378053747841167
1.1,3.32143959315007e-06,0.526906375844527,1.57079393714646,3.59992031220643,3.59992031220643,0.382289570056935
1.12,3.36227789634739e-06,0.522065721519068,1.57079393714646,3.61991886333746,3.61991886333746,0.386466253967929
1.14,3.47566811900581e-06,0.516464438329408,1.57079393714646,3.63991741446849,3.63991741446849,0.390585070393985
1.16,3.67173682768729e-06,0.51014793978761,1.57079393714646,3.65991596559951,3.65991596559951,0.394647253163941
1.18,3.96448980918232e-06,0.503162981698337,1.57079393714647,3.67991451673054,3.67991451673054,0.398654000499339
1.2,4.37272165638864e-06,0.495557275369131,1.57079393714646,3.69991306786156,3.69991306786156,0.402606476337072
1.22,4.92112552665419e-06,0.494796227258856,1.57079393714647,3.71991161899259,3.71991161899259,0.406505808619709
1.24,5.64163184424422e-06,0.493629520956858,1.57079393714647,3.73991017012362,3.73991017012362,0.41035309899256
1.26,6.57500659269464e-06,0.491683704195739,1.57079393714646,3.75990872125464,3.75990872125464,0.414149415663929
1.28,7.77274133296743e-06,0.488986603708068,1.57079393714647,3.77990727238567,3.77990727238567,0.417895797251879
1.3,8.92198483639427e-06,0.485568524974769,1.57079393714647,3.79990582351669,3.79990582351669,0.421593253833333
1.32,9.02077883831763e-06,0.481461930737855,1.57079393714647,3.81990437464772,3.81990437464772,0.425242767948897
1.34,9.28419117586552e-06,0.476701123135031,1.57079393714647,3.83990292577875,3.83990292577875,0.428845295565823
1.36,9.73084928982843e-06,0.471321932169318,1.57079393714647,3.85990147690977,3.85990147690977,0.432401767001407
1.38,1.03862114992329e-05,0.465361412920683,1.57079393714647,3.8799000280408,3.8799000280408,0.435913087809142
1.4,1.12838716362559e-05,0.458857553600754,1.57079393714647,3.89989857917182,3.89989857917182,0.439380139629891
1.42,1.24671069558012e-05,0.458195983699721,1.57079393714647,3.91989713030285,3.91989713030285,0.44280377676158
1.44,1.39906944714894e-05,0.457199378598254,1.57079393714647,3.93989568143388,3.93989568143388,0.446184839139568
1.46,1.59230212033997e-05,0.455534657255182,1.57079393714647,3.9598942325649,3.9598942325649,0.449524141132032
1.48,1.83485136297932e-05,0.453223860275211,1.57079393714647,3.97989278369593,3.97989278369593,0.452822476225705
1.5,2.06353002568671e-05,0.450291070286279,1.57079393714647,3.99989133482695,3.99989133482695,0.456080617709793
1.52,2.08378495485251e-05,0.446762172100666,1.57079393714647,4.01988988595798,4.01988988595798,0.459299319333873
1.54,2.13645783506549e-05,0.442664613968039,1.57079393714647,4.03988843708901,4.03988843708901,0.462479315941139
1.56,2.22455067092647e-05,0.438027171921762,1.57079393714647,4.05988698822003,4.05988698822003,0.465621324078369
1.58,2.35213686518317e-05,0.432879719026499,1.57079393714647,4.07988553935106,4.07988553935106,0.468726042584008
1.6,2.52452815453344e-05,0.427253001138788,1.57079393714647,4.09988409048209,4.09988409048209,0.471794153155852
1.62,2.74846837819635e-05,0.42667378594113,1.57079393714647,4.11988264161311,4.11988264161311,0.474826315147644
1.64,3.03235591256217e-05,0.42581226159231,1.57079393714647,4.13988119274414,4.13988119274414,0.477823182688486
1.66,3.38649650966005e-05,0.424371361468062,1.57079393714647,4.15987974387516,4.15987974387516,0.480785388877947
1.68,3.82338812707994e-05,0.422368847859824,1.57079393714647,4.17987829500619,4.17987829500619,0.483713551694692
1.7,4.23213988844832e-05,0.419824182722838,1.57079393714647,4.19987684613722,4.19987684613722,0.486608274455979
1.72,4.26870035778655e-05,0.416758345095674,1.57079393714647,4.21987539726824,4.21987539726824,0.48947014626168
1.74,4.36237275027667e-05,0.413193648307994,1.57079393714647,4.23987394839927,4.23987394839927,0.492299742423636
1.76,4.51752145300893e-05,0.409153558471888,1.57079393714647,4.25987249953029,4.25987249953029,0.495097624881193
1.78,4.74004722119705e-05,0.404662515627272,1.57079393714647,4.27987105066132,4.27987105066132,0.497864342603883
1.8,5.03758245925994e-05,0.399745758782922,1.57079393714647,4.29986960179235,4.29986960179235,0.500600431982243
1.82,5.41971396565214e-05,0.399235162461835,1.57079393714647,4.31986815292337,4.31986815292337,0.503306409752797
1.84,5.89823414174449e-05,0.398482771220848,1.57079393714647,4.3398667040544,4.3398667040544,0.505982794953207
1.86,6.4874214822521e-05,0.397223090666951,1.57079393714647,4.35986525518542,4.35986525518542,0.508630088000611
1.88,7.2043509335284e-05,0.395470649500314,1.57079393714647,4.37986380631645,4.37986380631645,0.511248778115584
1.9,7.87409919848168e-05,0.393241404781947,1.57079393714647,4.39986235744748,4.39986235744748,0.513839343638878
1.92,7.93383712708442e-05,0.390552600472849,1.57079393714647,4.4198609085785,4.4198609085785,0.516402252339073
1.94,8.08564842121214e-05,0.387422625112465,1.57079393714647,4.43985945970953,4.43985945970953,0.518937961711632
1.96,8.33538109020324e-05,0.383870869768488,1.57079393714647,4.45985801084055,4.45985801084055,0.521446919269907
1.98,8.69093608420136e-05,0.379917587307702,1.57079393714647,4.47985656197158,4.47985656197158,0.523929562828804
2,9.16247978223082e-05,0.375583753951307,1.57079393714647,4.49985511310261,4.49985511310261,0.526386320781843
2.02,9.76268295573844e-05,0.375130748264091,1.57079393714647,4.51985366423363,4.51985366423363,0.528817603049985
2.04,0.000105069863692,0.374467835705824,1.57079393714647,4.53985221536466,4.53985221536466,0.531223828427482
2.06,0.000114138929513094,0.373357003149133,1.57079393714647,4.55985076649568,4.55985076649568,0.533605398092906
2.08,0.000125052862038328,0.371810288720097,1.57079393714647,4.57984931762671,4.57984931762671,0.535962704772145
2.1,0.00013527242702404,0.369840941591396,1.57079393714647,4.59984786875774,4.59984786875774,0.538296132961621
2.12,0.000136174364393979,0.367463310671966,1.57079393714647,4.61984641988876,4.61984641988876,0.540606059146451
2.14,0.00013845809918966,0.364692732141724,1.57079393714647,4.63984497101979,4.63984497101979,0.542892852013838
2.16,0.000142197014084312,0.361545416699352,1.57079393714647,4.65984352215081,4.65984352215082,0.545156872662102
2.18,0.000147490417834316,0.358038337335833,1.57079393714647,4.67984207328184,4.67984207328184,0.547398474805849
2.2,0.000154465722160059,0.354189118387719,1.57079393714647,4.69984062441287,4.69984062441287,0.549618004977927
2.22,0.000163280861303431,0.353784807365388,1.57079393714647,4.71983917554389,4.71983917554389,0.551815791410568
2.24,0.000174126948431335,0.353196201629691,1.57079393714647,4.73983772667492,4.73983772667492,0.553992177197649
2.26,0.000187231160659695,0.352209163031182,1.57079393714647,4.75983627780594,4.75983627780594,0.556147487874445
2.28,0.000202859841803308,0.350833779615538,1.57079393714647,4.77983482893697,4.77983482893697,0.558282042487571
2.3,0.000217562774311216,0.349081174610067,1.57079393714647,4.799833380068,4.799833380068,0.560396153755296
2.32,0.000218840678081448,0.346963417630563,1.57079393714647,4.81983193119902,4.81983193119902,0.562490128225446
2.34,0.000222074538907995,0.344493434631752,1.57079393714647,4.83983048233005,4.83983048233005,0.564564266431067
2.36,0.000227351631871165,0.341684917274897,1.57079393714647,4.85982903346108,4.85982903346108,0.566618863044132
2.38,0.000234790508866006,0.338552232348483,1.57079393714647,4.8798275845921,4.8798275845921,0.568654207027706
2.4,0.00024454311554995,0.335110331837267,1.57079393714647,4.89982613572313,4.89982613572313,0.570670581787129
2.42,0.000256797120868108,0.334747493490725,1.57079393714647,4.91982468685415,4.91982468685415,0.572668251913299
2.44,0.000271778447357427,0.33422128914221,1.57079393714647,4.93982323798518,4.93982323798518,0.574647502470016
2.46,0.00028975398815567,0.333338341424563,1.57079393714647,4.95982178911621,4.95982178911621,0.576608600370775
2.48,0.000311034494192758,0.33210718929276,1.57079393714647,4.97982034024723,4.97982034024723,0.578551807476581
2.5,0.000331175985616127,0.330537263183303,1.57079393714647,4.99981889137826,4.99981889137826,0.580477380712919
2.52,0.000332895211391412,0.328638813314296,1.57079393714647,0.0198174425092831,0.0198174425092844,0.582385572186114
2.54,0.000337252641923654,0.326422836731107,1.57079393714647,0.0398159936403091,0.0398159936403102,0.584276629299193
2.56,0.000344347555886935,0.323901003626241,1.57079393714647,0.0598145447713351,0.0598145447713358,0.586150794867398
2.58,0.000354315573644917,0.321085583436077,1.57079393714647,0.0798130959023613,0.0798130959023618,0.588008307233774
2.6,0.000367330621020783,0.317989371188646,1.57079393714647,0.0998116470333873,0.0998116470333889,0.589849400385276
2.62,0.000383607071186978,0.317662100857316,1.57079393714647,0.119810198164413,0.119810198164415,0.591674288511943
2.64,0.000403402048562421,0.317188820300405,1.57079393714647,0.139808749295439,0.13980874929544,0.593483211623965
2.66,0.000427017876586555,0.316394249337726,1.57079393714647,0.159807300426465,0.159807300426467,0.595276390543212
2.68,0.000454804649133371,0.315285680536042,1.57079393714647,0.179805851557491,0.179805851557493,0.597054042109911
2.7,0.000481283913317981,0.313871179467457,1.57079393714647,0.199804402688518,0.199804402688519,0.598816379269075
2.72,0.000483500285965928,0.312159526176222,1.57079393714647,0.219802953819544,0.219802953819545,0.600563611157596
2.74,0.0004891347022188,0.310160155446682,1.57079393714647,0.23980150495057,0.239801504950571,0.602295943192027
2.76,0.000498295934029961,0.307883096291626,1.57079393714647,0.259800056081596,0.259800056081597,0.604013577157211
2.78,0.000511133686197878,0.305338911062161,1.57079393714647,0.279798607212622,0.279798607212623,0.605716711296077
2.8,0.000527840337198891,0.30253863456007,1.57079393714647,0.299797158343648,0.29979715834365,0.607405540401034
2.82,0.000548652822209316,0.302242069487275,1.57079393714647,0.319795709474674,0.319795709474674,0.609080238166231
2.84,0.000573854639479311,0.30181407136298,1.57079393714647,0.3397942606057,0.339794260605701,0.610741009248384
2.86,0.000603777959522958,0.301095187542913,1.57079393714647,0.359792811736726,0.359792811736727,0.612388037772544
2.88,0.000638805814869336,0.30009169626848,1.57079393714647,0.379791362867752,0.379791362867754,0.614021504694845
2.9,0.00067242581375845,0.298810550291286,1.57079393714647,0.399789913998777,0.399789913998779,0.61564158786693
2.92,0.000675183452123219,0.297259328616351,1.57079393714647,0.419788465129804,0.419788465129805,0.61724846210198
2.94,0.000682222060553789,0.295446187127506,1.57079393714647,0.439787016260831,0.43978701626083,0.618842299242308
2.96,0.000693657035279501,0.293379808430714,1.57079393714647,0.459785567391856,0.459785567391857,0.620423268228649
2.98,0.000709648691202706,0.291069351238362,1.57079393714647,0.479784118522882,0.479784118522883,0.621991535171429
3,0.000730403734008952,0.288524399603022,1.57079393714647,0.499782669653908,0.499782669653911,0.623547263424422
3.02,0.000756176839158188,0.288254506276146,1.57079393714647,0.519781220784934,0.519781220784936,0.625090593728717
3.04,0.000787272317579323,0.287865559642158,1.57079393714647,0.539779771915961,0.539779771915961,0.626621702753962
3.06,0.000824045846524864,0.287212001484219,1.57079393714647,0.559778323046986,0.559778323046987,0.628140745089962
3.08,0.000866906242703916,0.286299276105406,1.57079393714647,0.579776874178012,0.579776874178013,0.629647872784337
3.1,0.000908344799286157,0.285133419803172,1.57079393714647,0.599775425309038,0.59977542530904,0.631143235390784
3.12,0.000911675130395787,0.283721020729057,1.57079393714647,0.619773976440065,0.619773976440067,0.632626980019631
3.14,0.00092021544979287,0.282069177721285,1.57079393714647,0.63977252757109,0.639772527571092,0.634099251390624
3.16,0.000934084784745521,0.280185458381601,1.57079393714647,0.659771078702117,0.659771078702118,0.635560191888046
3.18,0.000953450383209338,0.278077856658637,1.57079393714647,0.679769629833142,0.679769629833144,0.637009941618437
3.2,0.00097852889316582,0.275754750189626,1.57079393714647,0.699768180964168,0.69976818096417,0.638448638471287
3.22,0.00100958761556161,0.275508159553273,1.57079393714647,0.719766732095195,0.719766732095197,0.639876396072098
3.24,0.00104694581045321,0.275153131888067,1.57079393714647,0.73976528322622,0.739765283226221,0.6412933687758
3.26,0.00109097603490967,0.274556354406253,1.57079393714647,0.759763834357246,0.759763834357248,0.642699687177455
3.28,0.00114210549023431,0.273722579451401,1.57079393714647,0.779762385488272,0.779762385488276,0.644095479820175
3.3,0.00119189772954999,0.272657081739242,1.57079393714647,0.799760936619299,0.799760936619301,0.645480873231274
3.32,0.00119581946970904,0.271365624697489,1.57079393714647,0.819759487750325,0.819759487750327,0.646855991961225
3.34,0.00120592818406749,0.269854425870214,1.57079393714647,0.83975803888135,0.839758038881352,0.648220958625399
3.36,0.0012223436025842,0.268130121607928,1.57079393714647,0.859756590012376,0.859756590012378,0.649575893948611
3.38,0.00124523626144235,0.266199731257985,1.57079393714647,0.879755141143403,0.879755141143405,0.650920916812748
3.4,0.00127482838366362,0.264070621062373,1.57079393714647,0.899753692274429,0.89975369227443,0.652256144307844
3.42,0.00131139480292867,0.263844500137127,1.57079393714647,0.919752243405455,0.919752243405456,0.653581667527466
3.44,0.00135526391084274,0.263519125070679,1.57079393714647,0.939750794536481,0.939750794536483,0.65489762293267
3.46,0.00140681860711095,0.262972017964729,1.57079393714647,0.959749345667508,0.95974934566751,0.656204121466555
3.48,0.00146649723139599,0.262207352222114,1.57079393714647,0.979747896798533,0.979747896798535,0.6575012724086
3.5,0.00152502812877828,0.26122976448636,1.57079393714647,0.99974644792956,0.999746447929561,0.658789183401555
3.52,0.00152954797668225,0.260044326206236,1.57079393714647,1.01974499906059,1.01974499906059,0.660067960481578
3.54,0.00154126162110537,0.258656514352839,1.57079393714647,1.03974355019161,1.03974355019161,0.661337708111571
3.56,0.00156028677037251,0.257072181470817,1.57079393714647,1.05974210132264,1.05974210132264,0.662598529217706
3.58,0.00158679381218362,0.255297525240644,1.57079393714647,1.07974065245366,1.07974065245367,0.66385052522943
3.6,0.00162100640355851,0.253339057723345,1.57079393714647,1.09973920358469,1.09973920358469,0.665093796123272
3.62,0.00166320207692642,0.253131008969713,1.57079393714647,1.11973775471572,1.11973775471572,0.666328414106815
3.64,0.00171371284383594,0.252831710860309,1.57079393714647,1.13973630584674,1.13973630584674,0.667554501228475
3.66,0.00177292577722351,0.252328309544252,1.57079393714647,1.15973485697777,1.15973485697777,0.668772152222588
3.68,0.00184128355273433,0.251624490378734,1.57079393714647,1.17973340810879,1.1797334081088,0.669981460470889
3.7,0.0019087887797954,0.250724351432145,1.57079393714647,1.19973195923982,1.19973195923982,0.671182518022221
3.72,0.00191390258120398,0.249632379299171,1.57079393714647,1.21973051037085,1.21973051037085,0.672375415615834
3.74,0.00192722954892161,0.248353424150387,1.57079393714647,1.23972906150187,1.23972906150187,0.673560242708233
3.76,0.00194888294146064,0.246892674166514,1.57079393714647,1.2597276126329,1.2597276126329,0.674737087503532
3.78,0.00197902988910087,0.245255629504208,1.57079393714647,1.27972616376392,1.27972616376393,0.675906036987607
3.8,0.00201789171128897,0.243448075936135,1.57079393714647,1.29972471489495,1.29972471489495,0.677067176966347
3.82,0.0020657442266088,0.243256057864489,1.57079393714647,1.31972326602598,1.31972326602598,0.678220563694818
3.84,0.00212291803842567,0.242979817560569,1.57079393714647,1.339721817157,1.339721817157,0.679366307574192
3.86,0.00218979877896461,0.242515081624796,1.57079393714647,1.35972036828803,1.35972036828803,0.680504489887349
3.88,0.00226682729433651,0.241865121158693,1.57079393714647,1.37971891941905,1.37971891941906,0.681635190816098
3.9,0.00234340038118623,0.24103357654963,1.57079393714647,1.39971747055008,1.39971747055008,0.682758489455214
3.92,0.00234909456214667,0.240024436772451,1.57079393714647,1.41971602168111,1.41971602168111,0.683874463830364
3.94,0.00236401797050309,0.238842018000564,1.57079393714647,1.43971457281213,1.43971457281213,0.684983190919867
3.96,0.00238827733495447,0.237490941651539,1.57079393714647,1.45971312394316,1.45971312394316,0.686084746680239
3.98,0.00242203381834133,0.235976111989852,1.57079393714647,1.47971167507418,1.47971167507419,0.687179206075788
4,0.00246550308723184,0.234302693406425,1.57079393714647,1.49971022620521,1.49971022620521,0.688266643112565
4.02,0.00251895535394959,0.234124957552628,1.57079393714647,1.51970877733624,1.51970877733624,0.689347100477329
4.04,0.00258271537599182,0.233869208428773,1.57079393714647,1.53970732846726,1.53970732846727,0.690420679136855
4.06,0.00265716239759944,0.233438849785015,1.57079393714647,1.55970587959829,1.55970587959829,0.691487449149779
4.08,0.0027427300181491,0.232836798885299,1.57079393714647,1.57970443072932,1.57970443072932,0.692547479678801
4.1,0.00282833394422359,0.232066304760415,1.57079393714647,1.59970298186034,1.59970298186034,0.693600839000186
4.12,0.00283458705472565,0.231130930391103,1.57079393714647,1.61970153299137,1.61970153299137,0.694647594517422
4.14,0.00285106808695083,0.230034534268428,1.57079393714647,1.63970008412239,1.63970008412239,0.695687812778929
4.16,0.00287787552822867,0.228781251436187,1.57079393714647,1.65969863525342,1.65969863525342,0.69672155949981
4.18,0.00291516229507446,0.227375474118395,1.57079393714647,1.67969718638444,1.67969718638445,0.697748899587853
4.2,0.00296313558345466,0.225821832032658,1.57079393714647,1.69969573751547,1.69969573751547,0.698769897174118
4.22,0.00302205667463802,0.225656872618688,1.57079393714647,1.7196942886465,1.7196942886465,0.699784583332264
4.24,0.00309224068351317,0.225419419162553,1.57079393714647,1.73969283977752,1.73969283977753,0.700793051376068
4.26,0.00317405623618736,0.225019767273948,1.57079393714647,1.75969139090855,1.75969139090855,0.701795361952421
4.28,0.00326792506370737,0.224460530236585,1.57079393714647,1.77968994203958,1.77968994203958,0.702791574980829
4.3,0.00336240662883252,0.223744620523037,1.57079393714647,1.7996884931706,1.7996884931706,0.703781749659239
4.32,0.00336919088208931,0.222875234375803,1.57079393714647,1.81968704430163,1.81968704430163,0.704765944474238
4.34,0.003387172307639,0.221855835826556,1.57079393714647,1.83968559543265,1.83968559543266,0.705744217215535
4.36,0.00341643980502418,0.220690140241837,1.57079393714647,1.85968414656368,1.85968414656368,0.70671662499465
4.38,0.00345713619956394,0.219382097482244,1.57079393714647,1.87968269769471,1.87968269769471,0.707683224268083
4.4,0.00350945790333104,0.217935874760514,1.57079393714647,1.89968124882573,1.89968124882574,0.708644070865229
4.42,0.00357365451788558,0.217782388247062,1.57079393714647,1.91967979995676,1.91967979995676,0.709599185862782
4.44,0.00365002836756602,0.217561341651331,1.57079393714647,1.93967835108778,1.93967835108779,0.710548656362645
4.46,0.00373893395216589,0.217189236779465,1.57079393714647,1.95967690221881,1.95967690221881,0.711492535084562
4.48,0.0038407773079368,0.216668424372503,1.57079393714647,1.97967545334984,1.97967545334984,0.712430874160283
4.5,0.00394388293440359,0.21600152593965,1.57079393714647,1.99967400448086,1.99967400448086,0.71336372513638
4.52,0.00395116566431205,0.215191420347716,1.57079393714647,2.01967255561189,2.01967255561189,0.714291138981636
4.54,0.00397057532096137,0.214241229903198,1.57079393714647,2.03967110674292,2.03967110674292,0.71521316609888
4.56,0.00400219021519405,0.213154306001756,1.57079393714647,2.05966965787394,2.05966965787394,0.716129856341239
4.58,0.00404614165242068,0.211934214419018,1.57079393714647,2.07966820900497,2.07966820900497,0.717041259033007
4.6,0.00410261343423686,0.210584720315414,1.57079393714647,2.09966676013599,2.099666760136,0.71794742299544
4.62,0.00417184129070736,0.210441572712755,1.57079393714647,2.11966531126702,2.11966531126702,0.718848360653627
4.64,0.00425411223395968,0.210235299437084,1.57079393714647,2.13966386239805,2.13966386239805,0.719744154068017
4.66,0.00434976382382544,0.209888007293759,1.57079393714647,2.15966241352907,2.15966241352907,0.72063484925409
4.68,0.00445918333644219,0.209401819146769,1.57079393714647,2.1796609646601,2.1796609646601,0.721520491755274
4.7,0.0045705752573121,0.20877910372428,1.57079393714647,2.19965951579112,2.19965951579112,0.722401126643282
4.72,0.00457832024657411,0.208022463900112,1.57079393714647,2.21965806692215,2.21965806692215,0.723276798523165
4.74,0.00459907433629287,0.2071347245164,1.57079393714647,2.23965661805318,2.23965661805318,0.724147551543009
4.76,0.00463290456320916,0.206118919811112,1.57079393714647,2.2596551691842,2.2596551691842,0.725013429408174
4.78,0.00467992966884514,0.204978280513495,1.57079393714647,2.27965372031523,2.27965372031523,0.725874475400321
4.8,0.0047403194704314,0.203716220669645,1.57079393714647,2.29965227144625,2.29965227144626,0.726730732401488
4.82,0.00481429415385205,0.203582420966031,1.57079393714647,2.31965082257728,2.31965082257728,0.727582205312254
4.84,0.00490212348096716,0.203389501297503,1.57079393714647,2.33964937370831,2.33964937370831,0.728428972105106
4.86,0.00500412590381833,0.20306464422177,1.57079393714647,2.35964792483933,2.35964792483933,0.72927107310355
4.88,0.0051206675784394,0.202609773900484,1.57079393714647,2.37964647597036,2.37964647597036,0.730108548255992
4.9,0.00523993964597192,0.202027038445267,1.57079393714647,2.39964502710138,2.39964502710139,0.730941437133973
4.92,0.00524810829999087,0.201318799632518,1.57079393714647,2.41964357823241,2.41964357823241,0.731769778935326
4.94,0.00527011440605166,0.200487622202653,1.57079393714647,2.43964212936344,2.43964212936344,0.732593612492072
4.96,0.00530601332120816,0.199536262798245,1.57079393714647,2.45964068049446,2.45964068049446,0.733412976283027
4.98,0.00535591052450914,0.198467658595138,1.57079393714647,2.47963923162549,2.47963923162549,0.734227908451311
5,0.00541996088389576,0.197284915679964,1.57079393714647,2.49963778275651,2.49963778275652,0.735038446827056
