0.000330689,0.967472,0.0325227,5.40738e-06
0.000660268,0.936106,0.0638729,2.1321e-05
0.000993487,0.905427,0.0945254,4.77403e-05
0.00133043,0.875428,0.124488,8.46659e-05
0.00167117,0.8461,0.153768,0.000132101
0.00201581,0.817437,0.182373,0.000190053
0.00236443,0.789431,0.210311,0.000258529
0.00271713,0.762073,0.237589,0.000337543
0.00307399,0.735357,0.264216,0.000427108
0.00343512,0.709275,0.290198,0.000527243
0.00380063,0.683818,0.315544,0.000637971
0.00417062,0.65898,0.34026,0.000759316
0.00454519,0.634753,0.364356,0.000891308
0.00492447,0.611129,0.387837,0.00103398
0.00530858,0.5881,0.410712,0.00118737
0.00569764,0.565659,0.432989,0.00135152
0.00609177,0.543798,0.454675,0.00152647
0.00649111,0.52251,0.475778,0.00171227
0.00689581,0.501786,0.496305,0.00190899
0.007306,0.48162,0.516263,0.00211669
0.00772183,0.462003,0.535661,0.00233542
0.00814347,0.442928,0.554506,0.00256527
0.00857108,0.424388,0.572806,0.00280631
0.00900482,0.406374,0.590567,0.00305862
0.00944488,0.388879,0.607799,0.00332231
0.00989143,0.371895,0.624507,0.00359747
0.0103447,0.355415,0.6407,0.00388422
0.0108048,0.339431,0.656386,0.00418265
0.0112721,0.323936,0.671571,0.00449291
0.0117467,0.308921,0.686264,0.00481513
0.0122289,0.294379,0.700471,0.00514945
0.0127188,0.280303,0.7142,0.00549603
0.0132169,0.266685,0.72746,0.00585503
0.0137232,0.253517,0.740256,0.00622663
0.0142382,0.240792,0.752597,0.00661103
0.0147621,0.228501,0.76449,0.00700842
0.0152953,0.216638,0.775942,0.00741904
0.0158379,0.205195,0.786961,0.0078431
0.0163905,0.194164,0.797555,0.00828088
0.0169534,0.183537,0.80773,0.00873263
0.0175269,0.173307,0.817494,0.00919865
0.0181115,0.163466,0.826854,0.00967925
0.0187076,0.154007,0.835817,0.0101748
0.0193156,0.144922,0.844392,0.0106855
0.0199361,0.136203,0.852584,0.011212
0.0205695,0.127843,0.860401,0.0117545
0.0212164,0.119834,0.867851,0.0123134
0.0218775,0.112169,0.874941,0.0128894
0.0225533,0.104839,0.881677,0.0134829
0.0232444,0.0978382,0.888066,0.0140944
0.0239517,0.0911576,0.894116,0.0147246
0.0246758,0.0847901,0.899834,0.015374
0.0254176,0.0787281,0.905227,0.0160434
0.0261779,0.0729639,0.910301,0.0167335
0.0269578,0.06749,0.915063,0.0174452
0.0277581,0.0622987,0.91952,0.0181792
0.0285801,0.0573826,0.923679,0.0189367
0.029425,0.0527339,0.927545,0.0197185
0.0302939,0.0483452,0.931126,0.0205259
0.0311883,0.0442087,0.934429,0.02136
0.0321098,0.040317,0.937458,0.0222223
0.03306,0.0366624,0.94022,0.0231142
0.0340408,0.0332374,0.942722,0.0240374
0.0350541,0.0300345,0.944968,0.0249936
0.0361022,0.027046,0.946965,0.0259848
0.0371875,0.0242644,0.948718,0.0270132
0.0383127,0.0216821,0.950232,0.0280813
0.0394809,0.0192916,0.951512,0.0291918
0.0406954,0.0170853,0.952562,0.0303477
0.0419599,0.0150558,0.953386,0.0315524
0.0432789,0.0131954,0.953989,0.0328099
0.044657,0.0114967,0.954373,0.0341244
0.0460997,0.00995208,0.95454,0.035501
0.0476134,0.00855413,0.954493,0.0369453
0.0492052,0.00729531,0.954233,0.0384639
0.0508836,0.00616815,0.953759,0.0400644
0.0526582,0.00516516,0.95307,0.0417556
0.0545406,0.00427889,0.952163,0.0435481
0.0565445,0.0035019,0.951033,0.0454541
0.0586863,0.00282676,0.949673,0.0474886
0.0609859,0.00224606,0.948071,0.0496695
0.0634677,0.00175242,0.946214,0.0520189
0.0661623,0.00133848,0.944081,0.0545643
0.0691085,0.000996928,0.941645,0.0573406
0.0723564,0.000720468,0.938868,0.0603925
0.0759723,0.000501863,0.935697,0.0637794
0.0800465,0.000333934,0.93206,0.0675815
0.0847058,0.000209574,0.927852,0.0719112
0.0901359,0.000121777,0.922914,0.0769322
0.0966236,6.36719e-05,0.917004,0.0828954
0.104634,2.86058e-05,0.909723,0.0902049
0.114984,1.01943e-05,0.900374,0.0995626
0.129312,2.47366e-06,0.887573,0.112356
0.151463,3.14114e-07,0.868131,0.131773
0.185698,3.00076e-08,0.838914,0.16094
0.220264,2.88262e-09,0.810411,0.189383
0.255227,2.78938e-10,0.782566,0.217156
0.290599,2.72146e-11,0.755369,0.244272
0.326391,2.67954e-12,0.728811,0.270737
0.362612,2.66485e-13,0.702885,0.296561
0.399273,2.67938e-14,0.677583,0.321749
0.436385,2.72609e-15,0.652898,0.346311
0.473959,2.80925e-16,0.628821,0.370252
0.512006,2.93481e-17,0.605346,0.393582
0.550538,3.11106e-18,0.582464,0.416308
0.589569,3.34944e-19,0.560168,0.438437
0.62911,3.66578e-20,0.53845,0.459978
0.669177,4.0821e-21,0.517303,0.480936
0.709781,4.62924e-22,0.496719,0.501321
0.750939,5.35095e-23,0.47669,0.521139
0.792666,6.3099e-24,0.457209,0.540399
0.834976,7.59729e-25,0.438267,0.559108
0.877888,9.34768e-26,0.419858,0.577273
0.921418,1.17629e-26,0.401974,0.594902
0.965583,1.51511e-27,0.384607,0.612003
1.0104,1.9991e-28,0.367749,0.628582
1.0559,2.70405e-29,0.351394,0.644648
1.10209,3.75242e-30,0.335532,0.660209
1.149,5.34612e-31,0.320157,0.675271
1.19664,7.82529e-32,0.30526,0.689842
1.24505,1.17758e-32,0.290835,0.70393
1.29424,1.82305e-33,0.276874,0.717541
1.34425,2.90531e-34,0.263368,0.730685
1.3951,4.76914e-35,0.250311,0.743367
1.44682,8.06853e-36,0.237695,0.755596
1.49944,1.40767e-36,0.225511,0.767379
1.55298,2.53391e-37,0.213753,0.778723
1.60749,4.7086e-38,0.202413,0.789635
1.66301,9.03682e-39,0.191483,0.800124
1.71955,1.79212e-39,0.180956,0.810196
1.77717,3.67404e-40,0.170823,0.819859
1.83591,7.78987e-41,0.161078,0.829119
1.89581,1.70885e-41,0.151713,0.837985
1.95692,3.88005e-42,0.14272,0.846464
2.01929,9.12196e-43,0.134091,0.854562
2.08296,2.22132e-43,0.125819,0.862288
2.148,5.60467e-44,0.117896,0.869647
2.21447,1.4657e-44,0.110315,0.876648
2.28242,3.974e-45,0.103068,0.883297
2.35193,1.11744e-45,0.0961469,0.889602
2.42307,3.25947e-46,0.0895449,0.895569
2.49591,9.86541e-47,0.0832541,0.901205
2.57054,3.09908e-47,0.0772669,0.906518
2.64705,1.01065e-47,0.0715756,0.911514
2.72554,3.42231e-48,0.0661727,0.916199
2.8061,1.20359e-48,0.0610506,0.920581
2.88886,4.39705e-49,0.0562017,0.924667
2.97393,1.669e-49,0.0516184,0.928462
3.06144,6.58327e-50,0.0472931,0.931973
3.15154,2.69894e-50,0.0432182,0.935207
3.24439,1.15022e-50,0.0393862,0.938169
3.34015,5.09655e-51,0.0357894,0.940866
3.43902,2.34825e-51,0.0324204,0.943304
3.54119,1.12525e-51,0.0292714,0.945488
3.6469,5.60855e-52,0.0263351,0.947424
3.7564,2.90809e-52,0.0236038,0.949117
3.86996,1.56883e-52,0.0210699,0.950572
3.9879,8.80664e-53,0.0187259,0.951794
4.11056,5.14471e-53,0.0165643,0.952787
4.23832,3.12809e-53,0.0145775,0.953556
4.37164,1.97975e-53,0.0127581,0.954104
4.51101,1.30438e-53,0.0110984,0.954434
4.65698,8.94752e-54,0.00959098,0.954548
4.81022,6.39068e-54,0.00822833,0.954448
4.97148,4.75312e-54,0.00700296,0.954134
5.14161,3.68157e-54,0.00590737,0.953607
5.32164,2.96994e-54,0.00493411,0.952864
5.51276,2.49546e-54,0.00407572,0.951902
5.71642,2.1841e-54,0.00332475,0.950716
5.93432,1.99129e-54,0.00267379,0.949297
6.16855,1.89128e-54,0.00211543,0.947633
6.42172,1.87133e-54,0.0016423,0.94571
6.69704,1.92893e-54,0.00124705,0.943504
6.99864,2.07134e-54,0.000922368,0.940987
7.33189,2.31702e-54,0.000660971,0.938118
7.70392,2.6997e-54,0.000455639,0.934839
8.12452,3.276e-54,0.000299207,0.931071
8.60759,4.13923e-54,0.000184591,0.926699
9.1737,5.44381e-54,0.000104815,0.921547
9.8551,7.44895e-54,5.30481e-05,0.91534
10.7046,1.05945e-53,2.27122e-05,0.907628
11.8183,1.56418e-53,7.49236e-06,0.89759
13.3951,2.39263e-53,1.59065e-06,0.883554
15.9272,3.77985e-53,1.69351e-07,0.861464
19.8145,6.08362e-53,1.81425e-08,0.828619
23.3177,9.75419e-53,1.75793e-09,0.800093
26.8435,1.56433e-52,1.71106e-10,0.772375
30.4084,2.50985e-52,1.67935e-11,0.745326
34.0157,4.02866e-52,1.66424e-12,0.718919
37.6665,6.46946e-52,1.66686e-13,0.693146
41.3621,1.03937e-51,1.68885e-14,0.667998
45.1034,1.67058e-51,1.73256e-15,0.643468
48.8917,2.68633e-51,1.80132e-16,0.619547
52.7281,4.32162e-51,1.89974e-17,0.596229
56.6139,6.9555e-51,2.03421e-18,0.573505
60.5503,1.11997e-50,2.21358e-19,0.551368
64.5388,1.80416e-50,2.45008e-20,0.52981
68.5805,2.90765e-50,2.76085e-21,0.508823
72.6771,4.68815e-50,3.17006e-22,0.4884
76.8301,7.56236e-50,3.71223e-23,0.468532
81.0408,1.22041e-49,4.4373e-24,0.449213
85.3111,1.97039e-49,5.4186e-25,0.430434
89.6426,3.18266e-49,6.7655e-26,0.412188
94.0371,5.1431e-49,8.64391e-27,0.394467
98.4964,8.31483e-49,1.131e-27,0.377263
103.023,1.34486e-48,1.51668e-28,0.360568
107.617,2.17618e-48,2.08609e-29,0.344375
112.283,3.52295e-48,2.94505e-30,0.328677
117.022,5.70577e-48,4.27055e-31,0.313464
121.836,9.24519e-48,6.3651e-32,0.298731
126.728,1.49869e-47,9.75762e-33,0.284468
131.701,2.43054e-47,1.53949e-33,0.270669
136.757,3.94356e-47,2.50135e-34,0.257325
141.898,6.4013e-47,4.18787e-35,0.244429
147.129,1.03954e-46,7.22901e-36,0.231973
152.451,1.68893e-46,1.28727e-36,0.219949
157.869,2.74521e-46,2.3659e-37,0.20835
163.385,4.46409e-46,4.49027e-38,0.197168
169.003,7.26249e-46,8.80455e-39,0.186395
174.728,1.18204e-45,1.78443e-39,0.176024
180.563,1.92474e-45,3.7397e-40,0.166047
186.513,3.13551e-45,8.10756e-41,0.156456
192.582,5.1102e-45,1.81866e-41,0.147244
198.774,8.33225e-45,4.21736e-42,0.138402
205.096,1.35919e-44,1.00289e-42,0.129923
