twoD,omega,average_energy
0.2,1.5,4.70595005281454e-09
0.2,1.55,4.78186086613781e-09
0.2,1.6,4.87581870623792e-09
0.2,1.65,4.91786392556295e-09
0.2,1.7,4.95055971943063e-09
0.2,1.75,5.01851096985628e-09
0.2,1.8,5.08048851078614e-09
0.2,1.85,5.12709283039574e-09
0.2,1.9,5.21210483822527e-09
0.2,1.95,5.32203000394041e-09
0.2,2,5.39104687116073e-09
0.2,2.05,5.43966670036944e-09
0.2,2.1,5.53262392984528e-09
0.2,2.15,5.65209757332057e-09
0.2,2.2,5.75676620523418e-09
0.2,2.25,5.8742326668899e-09
0.2,2.3,6.0207872547273e-09
0.2,2.35,6.14979890186971e-09
0.2,2.4,6.25757965210828e-09
0.2,2.45,6.40424090253659e-09
0.2,2.5,6.59259225742818e-09
0.2,2.55,6.76858495307934e-09
0.2,2.6,6.93704098670331e-09
0.2,2.65,7.13947274618163e-09
0.2,2.7,7.3615604094712e-09
0.2,2.75,7.58469903999592e-09
0.2,2.8,7.85161793932411e-09
0.2,2.85,8.18267396621012e-09
0.2,2.9,8.5280321244676e-09
0.2,2.95,8.87012140012542e-09
0.2,3,9.25664877843898e-09
0.2,3.05,9.69932740262685e-09
0.2,3.1,1.01669421971847e-08
0.2,3.15,1.06769606872299e-08
0.2,3.2,1.12688674149283e-08
0.2,3.25,1.19261483421741e-08
0.2,3.3,1.2638615880818e-08
0.2,3.35,1.34725969628962e-08
0.2,3.4,1.44884103977228e-08
0.2,3.45,1.5679359309726e-08
0.2,3.5,1.70565300894881e-08
0.2,3.55,1.86856361907011e-08
0.2,3.6,2.06017769397153e-08
0.2,3.65,2.28147489129242e-08
0.2,3.7,2.54136913002e-08
0.2,3.75,2.85446433020856e-08
0.2,3.8,3.23349222548523e-08
0.2,3.85,3.69887182782394e-08
0.2,3.9,4.29255020323642e-08
0.2,3.95,5.07966054422933e-08
0.2,4,6.15570347238757e-08
0.2,4.05,7.67682707321776e-08
0.2,4.1,9.90789594001751e-08
0.2,4.15,1.32944646970256e-07
0.2,4.2,1.8620162529082e-07
0.2,4.25,2.73404773938047e-07
0.2,4.3,4.20584240824956e-07
0.2,4.35,6.61239411732244e-07
0.2,4.4,9.64378173664698e-07
0.2,4.45,1.09030410074013e-06
0.2,4.5,8.84421678230988e-07
0.2,4.55,5.84585240416287e-07
0.2,4.6,3.7225154894102e-07
0.2,4.65,2.44900607631965e-07
0.2,4.7,1.68938065182638e-07
0.2,4.75,1.22102260809204e-07
0.2,4.8,9.20552033622381e-08
0.2,4.85,7.20725654719249e-08
0.2,4.9,5.83473597497026e-08
0.2,4.95,4.8596876391697e-08
0.2,5,4.1421893862095e-08
0.2,5.05,3.59566681024049e-08
0.2,5.1,3.16532120746158e-08
0.2,5.15,2.81551507158817e-08
0.2,5.2,2.52362428879868e-08
0.2,5.25,2.27646893898858e-08
0.2,5.3,2.06576196682435e-08
0.2,5.35,1.88574207989165e-08
0.2,5.4,1.73282460720054e-08
0.2,5.45,1.60372804020115e-08
0.2,5.5,1.49481865702253e-08
0.2,5.55,1.40327875287042e-08
0.2,5.6,1.32646716299156e-08
0.2,5.65,1.26106833216892e-08
0.2,5.7,1.20424778406932e-08
0.2,5.75,1.15424356829228e-08
0.2,5.8,1.10938700348098e-08
0.2,5.85,1.06815081235628e-08
0.2,5.9,1.03034395317579e-08
0.2,5.95,9.96441730185209e-09
0.2,6,9.65932025323824e-09
0.2,6.05,9.3819558899338e-09
0.2,6.1,9.13785623624047e-09
0.2,6.15,8.92995798090314e-09
0.2,6.2,8.75027085510817e-09
0.2,6.25,8.59587734893848e-09
0.2,6.3,8.46992592619821e-09
0.2,6.35,8.3643514193851e-09
0.2,6.4,8.26593282439751e-09
0.2,6.45,8.17611218838387e-09
0.2,6.5,8.10198044366369e-09
0.2,6.55,8.03836168450245e-09
0.2,6.6,7.98006682499207e-09
0.2,6.65,7.93386803784089e-09
0.2,6.7,7.90160216161822e-09
0.2,6.75,7.87504908083392e-09
0.2,6.8,7.85652971107947e-09
0.2,6.85,7.85759096054955e-09
0.2,6.9,7.87595778133228e-09
0.2,6.95,7.90069590317079e-09
0.2,7,7.93360954723692e-09
0.2,7.05,7.98014262338562e-09
0.2,7.1,8.03356175123294e-09
0.2,7.15,8.09035665980186e-09
0.2,7.2,8.16005488326739e-09
0.2,7.25,8.24385981781738e-09
0.2,7.3,8.32992424554643e-09
0.2,7.35,8.41793566364277e-09
0.2,7.4,8.51995617158919e-09
0.2,7.45,8.63712291897813e-09
0.2,7.5,8.76407536842252e-09
0.2,7.55,8.9078136800175e-09
0.2,7.6,9.07483575974154e-09
0.2,7.65,9.25605480451599e-09
0.2,7.7,9.44705925200859e-09
0.2,7.75,9.65946408866027e-09
0.2,7.8,9.89695615247263e-09
0.2,7.85,1.01484784369818e-08
0.2,7.9,1.04121285369737e-08
0.2,7.95,1.06963807933113e-08
0.2,8,1.09994516879391e-08
0.2,8.05,1.1318015765722e-08
0.2,8.1,1.16671224208231e-08
0.2,8.15,1.20624498060888e-08
0.2,8.2,1.25010379729161e-08
0.2,8.25,1.29827126382422e-08
0.2,8.3,1.35229070981409e-08
0.2,8.35,1.41292058112753e-08
0.2,8.4,1.4795854294747e-08
0.2,8.45,1.5526512333339e-08
0.2,8.5,1.63319426669308e-08
0.2,8.55,1.72083457264392e-08
0.2,8.6,1.81513768485605e-08
0.2,8.65,1.91845244642209e-08
0.2,8.7,2.03431356708436e-08
0.2,8.75,2.16531367254111e-08
0.2,8.8,2.31536491441639e-08
0.2,8.85,2.49063668174087e-08
0.2,8.9,2.6967887818203e-08
0.2,8.95,2.93882243469651e-08
0.2,9,3.22355168990803e-08
0.2,9.05,3.55915714601611e-08
0.2,9.1,3.95280453338514e-08
0.2,9.15,4.41257271146851e-08
0.2,9.2,4.95300003527093e-08
0.2,9.25,5.59663795817395e-08
0.2,9.3,6.37628608235818e-08
0.2,9.35,7.34652763378419e-08
0.2,9.4,8.59551140508183e-08
0.2,9.45,1.02580819011374e-07
0.2,9.5,1.25477779468238e-07
0.2,9.55,1.5811156427913e-07
0.2,9.6,2.06234900546374e-07
0.2,9.65,2.79761057613925e-07
0.2,9.7,3.96401097721002e-07
0.2,9.75,5.88773169798617e-07
0.2,9.8,9.13786163705273e-07
0.2,9.85,1.43296916885202e-06
0.2,9.9,2.02030705568064e-06
0.2,9.95,2.14323770609466e-06
0.2,10,1.64749272871702e-06
0.2,10.05,1.06935265700577e-06
0.2,10.1,6.8234924023994e-07
0.2,10.15,4.52166799098016e-07
0.2,10.2,3.14158619825729e-07
0.2,10.25,2.28413909427193e-07
0.2,10.3,1.73018505717667e-07
0.2,10.35,1.35925011825311e-07
0.2,10.4,1.10270436146079e-07
0.2,10.45,9.19267638157573e-08
0.2,10.5,7.83503125214339e-08
0.2,10.55,6.79470618942045e-08
0.2,10.6,5.9701112466949e-08
0.2,10.65,5.29726051414036e-08
0.2,10.7,4.73561734969096e-08
0.2,10.75,4.26010338417491e-08
0.2,10.8,3.85554464002729e-08
0.2,10.85,3.51141712807171e-08
0.2,10.9,3.21996936064687e-08
0.2,10.95,2.97496045579503e-08
0.2,11,2.77016894857761e-08
0.2,11.05,2.5995067528264e-08
0.2,11.1,2.45694880516497e-08
0.2,11.15,2.33660994575247e-08
0.2,11.2,2.23363909187607e-08
0.2,11.25,2.14417045560002e-08
0.2,11.3,2.06505251615221e-08
0.2,11.35,1.99431017185778e-08
0.2,11.4,1.93120359113951e-08
0.2,11.45,1.87564897067239e-08
0.2,11.5,1.8277851953167e-08
0.2,11.55,1.78810077221055e-08
0.2,11.6,1.75730706479538e-08
0.2,11.65,1.73544946413406e-08
0.2,11.7,1.72186497824522e-08
0.2,11.75,1.71611185006935e-08
0.2,11.8,1.71777821993973e-08
0.2,11.85,1.72582898213621e-08
0.2,11.9,1.73935499543931e-08
0.2,11.95,1.75828474023678e-08
0.2,12,1.7827475483068e-08
0.2,12.05,1.81296509269972e-08
0.2,12.1,1.85028711348904e-08
0.2,12.15,1.89721998931454e-08
0.2,12.2,1.95627008165654e-08
0.2,12.25,2.02980376662903e-08
0.2,12.3,2.12089327879659e-08
0.2,12.35,2.23290076833768e-08
0.2,12.4,2.36842635157298e-08
0.2,12.45,2.53028310590176e-08
0.2,12.5,2.72269216558302e-08
0.2,12.55,2.95046916827859e-08
0.2,12.6,3.21988971743437e-08
0.2,12.65,3.54209006390013e-08
0.2,12.7,3.93544308895509e-08
0.2,12.75,4.428557291815e-08
0.2,12.8,5.0664646089144e-08
0.2,12.85,5.92058441069944e-08
0.2,12.9,7.10459126741535e-08
0.2,12.95,8.79990288921017e-08
0.2,13,1.13079066340115e-07
0.2,13.05,1.51546623286823e-07
0.2,13.1,2.12832835135282e-07
0.2,13.15,3.14224757769659e-07
0.2,13.2,4.85438481972556e-07
0.2,13.25,7.54723475331802e-07
0.2,13.3,1.03944274726993e-06
0.2,13.35,1.06562094376329e-06
0.2,13.4,8.0035207457537e-07
0.2,13.45,5.18659798452234e-07
0.2,13.5,3.34512800388518e-07
0.2,13.55,2.25327273901326e-07
0.2,13.6,1.59717513754133e-07
0.2,13.65,1.18845109953338e-07
0.2,13.7,9.24161252890166e-08
0.2,13.75,7.47344015208192e-08
0.2,13.8,6.25327177120661e-08
0.2,13.85,5.38438333518941e-08
0.2,13.9,4.74567824426284e-08
0.2,13.95,4.26120502019727e-08
0.2,14,3.88223698673554e-08
0.2,14.05,3.57830657464561e-08
0.2,14.1,3.33071299983731e-08
0.2,14.15,3.12811541063989e-08
0.2,14.2,2.9637219948275e-08
0.2,14.25,2.83302004117222e-08
0.2,14.3,2.73305008165629e-08
0.2,14.35,2.66158131083695e-08
0.2,14.4,2.615791612103e-08
0.2,14.45,2.59250553475157e-08
0.2,14.5,2.58896895841695e-08
0.2,14.55,2.6025631514278e-08
0.2,14.6,2.63073687658118e-08
0.2,14.65,2.67212401667226e-08
0.2,14.7,2.72707532859829e-08
0.2,14.75,2.79680332694839e-08
0.2,14.8,2.88340578636223e-08
0.2,14.85,2.99079930438705e-08
0.2,14.9,3.12427096016076e-08
0.2,14.95,3.28933310873433e-08
0.2,15,3.49167133745946e-08
0.5,1.5,4.70111600374081e-09
0.5,1.55,4.77474441924524e-09
0.5,1.6,4.86708778141702e-09
0.5,1.65,4.90773410581994e-09
0.5,1.7,4.93828817941802e-09
0.5,1.75,5.00437842666622e-09
0.5,1.8,5.06568792669639e-09
0.5,1.85,5.11190155796913e-09
0.5,1.9,5.19659006171001e-09
0.5,1.95,5.30748877123697e-09
0.5,2,5.37812959748427e-09
0.5,2.05,5.42654204370997e-09
0.5,2.1,5.51717492798549e-09
0.5,2.15,5.63360843906072e-09
0.5,2.2,5.7340683977762e-09
0.5,2.25,5.84549566005784e-09
0.5,2.3,5.98597513205302e-09
0.5,2.35,6.11024760337356e-09
0.5,2.4,6.21349842158747e-09
0.5,2.45,6.35580397017717e-09
0.5,2.5,6.54238765069288e-09
0.5,2.55,6.71936250965392e-09
0.5,2.6,6.88839617725158e-09
0.5,2.65,7.08951995180421e-09
0.5,2.7,7.30837803144206e-09
0.5,2.75,7.52357636735216e-09
0.5,2.8,7.77544982069073e-09
0.5,2.85,8.0866768093344e-09
0.5,2.9,8.41018268025531e-09
0.5,2.95,8.72772696840408e-09
0.5,3,9.08753626403468e-09
0.5,3.05,9.50602502841673e-09
0.5,3.1,9.95441002757102e-09
0.5,3.15,1.04472390759133e-08
0.5,3.2,1.10224003418464e-08
0.5,3.25,1.16617654936384e-08
0.5,3.3,1.23447439717156e-08
0.5,3.35,1.31236820902389e-08
0.5,3.4,1.40512951949332e-08
0.5,3.45,1.51154419798202e-08
0.5,3.5,1.6317709130931e-08
0.5,3.55,1.77165103822526e-08
0.5,3.6,1.93490441141863e-08
0.5,3.65,2.12253345286834e-08
0.5,3.7,2.34196284412964e-08
0.5,3.75,2.60570355544615e-08
0.5,3.8,2.92278238989213e-08
0.5,3.85,3.30338714080056e-08
0.5,3.9,3.76918918397534e-08
0.5,3.95,4.35049409317535e-08
0.5,4,5.0809964939379e-08
0.5,4.05,6.00500975718764e-08
0.5,4.1,7.18177995092422e-08
0.5,4.15,8.67256133701493e-08
0.5,4.2,1.05203692285582e-07
0.5,4.25,1.27178845720433e-07
0.5,4.3,1.51355953615968e-07
0.5,4.35,1.74285906009381e-07
0.5,4.4,1.90403763749518e-07
0.5,4.45,1.94369859929082e-07
0.5,4.5,1.84697380772104e-07
0.5,4.55,1.64912526319378e-07
0.5,4.6,1.40851231021614e-07
0.5,4.65,1.17312363105647e-07
0.5,4.7,9.67912491823791e-08
0.5,4.75,7.99445227629491e-08
0.5,4.8,6.65080303718473e-08
0.5,4.85,5.5932938478098e-08
0.5,4.9,4.7633159586415e-08
0.5,4.95,4.10726327914614e-08
0.5,5,3.58326820546863e-08
0.5,5.05,3.16117801594266e-08
0.5,5.1,2.81695118697284e-08
0.5,5.15,2.5312548057421e-08
0.5,5.2,2.29127504887886e-08
0.5,5.25,2.08857199036497e-08
0.5,5.3,1.91585598139163e-08
0.5,5.35,1.76761437779021e-08
0.5,5.4,1.64057146708505e-08
0.5,5.45,1.53146584659219e-08
0.5,5.5,1.43674645401604e-08
0.5,5.55,1.35442666762575e-08
0.5,5.6,1.28338642473681e-08
0.5,5.65,1.22155245318938e-08
0.5,5.7,1.16693395572934e-08
0.5,5.75,1.1187771379077e-08
0.5,5.8,1.0761564555069e-08
0.5,5.85,1.03762145223739e-08
0.5,5.9,1.00289320460867e-08
0.5,5.95,9.72419647805096e-09
0.5,6,9.45438680295469e-09
0.5,6.05,9.20844706683159e-09
0.5,6.1,8.98863385403025e-09
0.5,6.15,8.79788590095679e-09
0.5,6.2,8.62843913790764e-09
0.5,6.25,8.47756346256292e-09
0.5,6.3,8.35119123522697e-09
0.5,6.35,8.24458732328894e-09
0.5,6.4,8.14556466285094e-09
0.5,6.45,8.05609139210122e-09
0.5,6.5,7.98473636053531e-09
0.5,6.55,7.92695657871482e-09
0.5,6.6,7.87629809428657e-09
0.5,6.65,7.83822714350808e-09
0.5,6.7,7.81418188789153e-09
0.5,6.75,7.79473792567889e-09
0.5,6.8,7.78049766995541e-09
0.5,6.85,7.78302836520455e-09
0.5,6.9,7.80106347454368e-09
0.5,6.95,7.82375016611917e-09
0.5,7,7.85286748702442e-09
0.5,7.05,7.89495530112099e-09
0.5,7.1,7.94438163059641e-09
0.5,7.15,7.9977100219629e-09
0.5,7.2,8.0648532182968e-09
0.5,7.25,8.14815613183945e-09
0.5,7.3,8.23574308377158e-09
0.5,7.35,8.32602224445545e-09
0.5,7.4,8.43033164876471e-09
0.5,7.45,8.54945291534723e-09
0.5,7.5,8.67682225953238e-09
0.5,7.55,8.81805775911978e-09
0.5,7.6,8.97948186104996e-09
0.5,7.65,9.15226409261871e-09
0.5,7.7,9.33159613598376e-09
0.5,7.75,9.52973615381163e-09
0.5,7.8,9.75277443246879e-09
0.5,7.85,9.99157018171131e-09
0.5,7.9,1.02451157374622e-08
0.5,7.95,1.0522803326547e-08
0.5,8,1.08230945132528e-08
0.5,8.05,1.11409046843518e-08
0.5,8.1,1.14879853280902e-08
0.5,8.15,1.18772093785801e-08
0.5,8.2,1.23030158624197e-08
0.5,8.25,1.27613984467145e-08
0.5,8.3,1.32655502454599e-08
0.5,8.35,1.38243315608196e-08
0.5,8.4,1.44344297694833e-08
0.5,8.45,1.51031854711611e-08
0.5,8.5,1.58470955612848e-08
0.5,8.55,1.66678789167046e-08
0.5,8.6,1.75634184911466e-08
0.5,8.65,1.85540942340798e-08
0.5,8.7,1.9668483478584e-08
0.5,8.75,2.09215998101035e-08
0.5,8.8,2.23335362543668e-08
0.5,8.85,2.39440610983771e-08
0.5,8.9,2.57900557874866e-08
0.5,8.95,2.79010946068863e-08
0.5,9,3.0329076097727e-08
0.5,9.05,3.31482940373654e-08
0.5,9.1,3.64279411644521e-08
0.5,9.15,4.02457414356868e-08
0.5,9.2,4.47263704291149e-08
0.5,9.25,5.00410648106162e-08
0.5,9.3,5.64023602068645e-08
0.5,9.35,6.410847562107e-08
0.5,9.4,7.35865173156435e-08
0.5,9.45,8.53934475723151e-08
0.5,9.5,1.00240534237553e-07
0.5,9.55,1.19058354241744e-07
0.5,9.6,1.4299219364784e-07
0.5,9.65,1.7324472713682e-07
0.5,9.7,2.1070723608075e-07
0.5,9.75,2.55138566788202e-07
0.5,9.8,3.03631094314818e-07
0.5,9.85,3.48911141233842e-07
0.5,9.9,3.79697401027302e-07
0.5,9.95,3.85635424665479e-07
0.5,10,3.64492514657425e-07
0.5,10.05,3.23944369440239e-07
0.5,10.1,2.75722659950619e-07
0.5,10.15,2.29057502577591e-07
0.5,10.2,1.88570288821432e-07
0.5,10.25,1.55416219714583e-07
0.5,10.3,1.29025553391778e-07
0.5,10.35,1.08264894545147e-07
0.5,10.4,9.19609354356433e-08
0.5,10.45,7.90836305151895e-08
0.5,10.5,6.88089167199941e-08
0.5,10.55,6.05148219894482e-08
0.5,10.6,5.37346669936851e-08
0.5,10.65,4.81188102454994e-08
0.5,10.7,4.34152567809588e-08
0.5,10.75,3.94433463633418e-08
0.5,10.8,3.60659665811165e-08
0.5,10.85,3.31790552621828e-08
0.5,10.9,3.0706189698823e-08
0.5,10.95,2.85861250607549e-08
0.5,11,2.67657975110832e-08
0.5,11.05,2.52014272682363e-08
0.5,11.1,2.38552841172601e-08
0.5,11.15,2.26919943043552e-08
0.5,11.2,2.16827120156251e-08
0.5,11.25,2.08065622617669e-08
0.5,11.3,2.00446609350529e-08
0.5,11.35,1.93800862423028e-08
0.5,11.4,1.88031447358889e-08
0.5,11.45,1.83081865258679e-08
0.5,11.5,1.78883364881259e-08
0.5,11.55,1.75397651427962e-08
0.5,11.6,1.72635492902467e-08
0.5,11.65,1.70575366357002e-08
0.5,11.7,1.69151610571013e-08
0.5,11.75,1.68342778582137e-08
0.5,11.8,1.68165132781301e-08
0.5,11.85,1.68592988310405e-08
0.5,11.9,1.69596595819188e-08
0.5,11.95,1.71212559178471e-08
0.5,12,1.73482211068592e-08
0.5,12.05,1.76409056540277e-08
0.5,12.1,1.80058269633083e-08
0.5,12.15,1.84587696410342e-08
0.5,12.2,1.90135349178663e-08
0.5,12.25,1.96808437921015e-08
0.5,12.3,2.04790282326738e-08
0.5,12.35,2.14318721406304e-08
0.5,12.4,2.25600138148409e-08
0.5,12.45,2.38891191462794e-08
0.5,12.5,2.54600843810325e-08
0.5,12.55,2.73214899213983e-08
0.5,12.6,2.95274965967572e-08
0.5,12.65,3.21574108582699e-08
0.5,12.7,3.53289994397297e-08
0.5,12.75,3.91964929680808e-08
0.5,12.8,4.39646363710118e-08
0.5,12.85,4.99186025663458e-08
0.5,12.9,5.74353883901586e-08
0.5,12.95,6.69820993632685e-08
0.5,13,7.911982392703e-08
0.5,13.05,9.44553475681804e-08
0.5,13.1,1.13431492448823e-07
0.5,13.15,1.35866038958008e-07
0.5,13.2,1.60192428731578e-07
0.5,13.25,1.82659935150821e-07
0.5,13.3,1.97578263966732e-07
0.5,13.35,1.99879266047224e-07
0.5,13.4,1.88712572706959e-07
0.5,13.45,1.68143410574113e-07
0.5,13.5,1.44060806588281e-07
0.5,13.55,1.20953456976943e-07
0.5,13.6,1.01007067667062e-07
0.5,13.65,8.47430375348563e-08
0.5,13.7,7.18575360467872e-08
0.5,13.75,6.17696138059675e-08
0.5,13.8,5.38902995263795e-08
0.5,13.85,4.77161207991229e-08
0.5,13.9,4.28434373102955e-08
0.5,13.95,3.89633763367973e-08
0.5,14,3.58478530210128e-08
0.5,14.05,3.33286194340844e-08
0.5,14.1,3.12828482453052e-08
0.5,14.15,2.96243654372864e-08
0.5,14.2,2.8290486464599e-08
0.5,14.25,2.72322390746795e-08
0.5,14.3,2.64149128475482e-08
0.5,14.35,2.58153165229181e-08
0.5,14.4,2.54119786671435e-08
0.5,14.45,2.51842469004414e-08
0.5,14.5,2.51186847858601e-08
0.5,14.55,2.52061153284877e-08
0.5,14.6,2.54364556112309e-08
0.5,14.65,2.58056643310546e-08
0.5,14.7,2.63206903837233e-08
0.5,14.75,2.69908403577102e-08
0.5,14.8,2.78250113016736e-08
0.5,14.85,2.88420606945966e-08
0.5,14.9,3.00715921981403e-08
0.5,14.95,3.1543864067088e-08
0.5,15,3.32925372599513e-08
1,1.5,4.6914961585326e-09
1,1.55,4.76231898811257e-09
1,1.6,4.85340783041694e-09
1,1.65,4.89353019847133e-09
1,1.7,4.92214216775462e-09
1,1.75,4.98589617850059e-09
1,1.8,5.04579430336648e-09
1,1.85,5.08991510881614e-09
1,1.9,5.17137311133169e-09
1,1.95,5.28035901515611e-09
1,2,5.35032104191832e-09
1,2.05,5.39598319652852e-09
1,2.1,5.48152647385573e-09
1,2.15,5.59315262274068e-09
1,2.2,5.68869734998463e-09
1,2.25,5.79328621581148e-09
1,2.3,5.92671930904346e-09
1,2.35,6.04525824535051e-09
1,2.4,6.14119720131307e-09
1,2.45,6.27303689808877e-09
1,2.5,6.44934347668647e-09
1,2.55,6.61746703203239e-09
1,2.6,6.7754511779966e-09
1,2.65,6.96206800976716e-09
1,2.7,7.16486048714437e-09
1,2.75,7.36039532612218e-09
1,2.8,7.5853142014575e-09
1,2.85,7.86467765500806e-09
1,2.9,8.15499543015614e-09
1,2.95,8.43450254436939e-09
1,3,8.74710858430428e-09
1,3.05,9.11145284823047e-09
1,3.1,9.49959286470775e-09
1,3.15,9.92004661846315e-09
1,3.2,1.04071347057051e-08
1,3.25,1.09435671751139e-08
1,3.3,1.15013882121314e-08
1,3.35,1.2117471448055e-08
1,3.4,1.28358028995877e-08
1,3.45,1.36404494293551e-08
1,3.5,1.45184644584378e-08
1,3.55,1.55062087127253e-08
1,3.6,1.66236371404601e-08
1,3.65,1.78563930224254e-08
1,3.7,1.92288730959587e-08
1,3.75,2.07990460591062e-08
1,3.8,2.25791737196874e-08
1,3.85,2.45518059561255e-08
1,3.9,2.67404404644443e-08
1,3.95,2.91805360949582e-08
1,4,3.18582474904423e-08
1,4.05,3.47386474166114e-08
1,4.1,3.7791481152518e-08
1,4.15,4.09333244803287e-08
1,4.2,4.40021774684742e-08
1,4.25,4.68139444253064e-08
1,4.3,4.91829043490812e-08
1,4.35,5.08981993299055e-08
1,4.4,5.17703998475117e-08
1,4.45,5.17131063759702e-08
1,4.5,5.07436487521301e-08
1,4.55,4.89505882604538e-08
1,4.6,4.65076129760075e-08
1,4.65,4.36559440202381e-08
1,4.7,4.06128160765465e-08
1,4.75,3.75265477520891e-08
1,4.8,3.45178728400604e-08
1,4.85,3.16894167438708e-08
1,4.9,2.90859582802159e-08
1,4.95,2.67097330250316e-08
1,5,2.45713791426393e-08
1,5.05,2.26773303366178e-08
1,5.1,2.09965063580768e-08
1,5.15,1.94913513304614e-08
1,5.2,1.81527852166406e-08
1,5.25,1.69728037917525e-08
1,5.3,1.59240975765949e-08
1,5.35,1.49887148854541e-08
1,5.4,1.41643218682232e-08
1,5.45,1.34345253690611e-08
1,5.5,1.27746099038127e-08
1,5.55,1.21811737506992e-08
1,5.6,1.16589139345391e-08
1,5.65,1.11946315206754e-08
1,5.7,1.07738798715116e-08
1,5.75,1.03978620784499e-08
1,5.8,1.00634024570284e-08
1,5.85,9.75685028864082e-09
1,5.9,9.4775002741273e-09
1,5.95,9.23431608589097e-09
1,6,9.02050366632589e-09
1,6.05,8.82248597014027e-09
1,6.1,8.64264703685217e-09
1,6.15,8.4862288152776e-09
1,6.2,8.34559591007043e-09
1,6.25,8.21764260616144e-09
1,6.3,8.11060730627867e-09
1,6.35,8.02184000392482e-09
1,6.4,7.93830179302929e-09
1,6.45,7.86145692119126e-09
1,6.5,7.80178112025871e-09
1,6.55,7.75575774500151e-09
1,6.6,7.71580911435321e-09
1,6.65,7.68715994768931e-09
1,6.7,7.6721583251567e-09
1,6.75,7.66067779537964e-09
1,6.8,7.65186069209674e-09
1,6.85,7.65793312418591e-09
1,6.9,7.67906201644322e-09
1,6.95,7.70394653765778e-09
1,7,7.7335801458704e-09
1,7.05,7.77536074742515e-09
1,7.1,7.82430079005327e-09
1,7.15,7.87619491810741e-09
1,7.2,7.94101564170465e-09
1,7.25,8.02246965892844e-09
1,7.3,8.10867278466599e-09
1,7.35,8.19655290402073e-09
1,7.4,8.29717149552597e-09
1,7.45,8.4119828270745e-09
1,7.5,8.53379666533173e-09
1,7.55,8.66725032158499e-09
1,7.6,8.81921731563229e-09
1,7.65,8.98132478223542e-09
1,7.7,9.14759971924968e-09
1,7.75,9.32976552140255e-09
1,7.8,9.53530146949876e-09
1,7.85,9.75584018080579e-09
1,7.9,9.98953384764113e-09
1,7.95,1.02456024225725e-08
1,8,1.05229556628489e-08
1,8.05,1.08150880906717e-08
1,8.1,1.11313673830087e-08
1,8.15,1.1484044664719e-08
1,8.2,1.18672848315791e-08
1,8.25,1.22746637005533e-08
1,8.3,1.27169156486057e-08
1,8.35,1.32027072828403e-08
1,8.4,1.37284138762194e-08
1,8.45,1.4299410739541e-08
1,8.5,1.49312733034685e-08
1,8.55,1.56258007110143e-08
1,8.6,1.63774680187821e-08
1,8.65,1.71992631655283e-08
1,8.7,1.81121718877674e-08
1,8.75,1.91223890849604e-08
1,8.8,2.02357128382572e-08
1,8.85,2.14738273943437e-08
1,8.9,2.28552750478333e-08
1,8.95,2.43873412091553e-08
1,9,2.60913398932554e-08
1,9.05,2.80056681207736e-08
1,9.1,3.01580907170903e-08
1,9.15,3.25673490352866e-08
1,9.2,3.52694718872769e-08
1,9.25,3.83108189431815e-08
1,9.3,4.17258871932593e-08
1,9.35,4.55493351561194e-08
1,9.4,4.98280760224905e-08
1,9.45,5.45924301249369e-08
1,9.5,5.98325858541122e-08
1,9.55,6.55101509962388e-08
1,9.6,7.15499044060163e-08
1,9.65,7.77953438684813e-08
1,9.7,8.39906611225894e-08
1,9.75,8.98013873330211e-08
1,9.8,9.48280397927733e-08
1,9.85,9.86332309446262e-08
1,9.9,1.00832136663439e-07
1,9.95,1.01198443010311e-07
1,10,9.97055822269136e-08
1,10.05,9.65161455018984e-08
1,10.1,9.19570289863877e-08
1,10.15,8.64555173681689e-08
1,10.2,8.04371458642633e-08
1,10.25,7.4258341749735e-08
1,10.3,6.81991956605809e-08
1,10.35,6.2461034710244e-08
1,10.4,5.71545080607724e-08
1,10.45,5.23190308337991e-08
1,10.5,4.79622602396226e-08
1,10.55,4.40720237914064e-08
1,10.6,4.06128713011432e-08
1,10.65,3.75420486312318e-08
1,10.7,3.48245551564267e-08
1,10.75,3.24242493949874e-08
1,10.8,3.02990062908369e-08
1,10.85,2.8414573874023e-08
1,10.9,2.67477975052234e-08
1,10.95,2.52743318640475e-08
1,11,2.39687836253773e-08
1,11.05,2.28136145853656e-08
1,11.1,2.17940877601021e-08
1,11.15,2.08915754978231e-08
1,11.2,2.00917040721045e-08
1,11.25,1.93882943143429e-08
1,11.3,1.87731780475959e-08
1,11.35,1.82343031948517e-08
1,11.4,1.77650679206847e-08
1,11.45,1.736275878122e-08
1,11.5,1.70207759819123e-08
1,11.55,1.67337068158345e-08
1,11.6,1.65028052479442e-08
1,11.65,1.63273166761698e-08
1,11.7,1.62005511658536e-08
1,11.75,1.61200670675055e-08
1,11.8,1.60894576029143e-08
1,11.85,1.61085451602501e-08
1,11.9,1.61748168180358e-08
1,11.95,1.62918317719112e-08
1,12,1.64638303763651e-08
1,12.05,1.66888672659105e-08
1,12.1,1.69678951483948e-08
1,12.15,1.7310504519643e-08
1,12.2,1.7724214434392e-08
1,12.25,1.82109090481422e-08
1,12.3,1.87775841522794e-08
1,12.35,1.94364367552822e-08
1,12.4,2.01950838887397e-08
1,12.45,2.1061357690794e-08
1,12.5,2.20529774328338e-08
1,12.55,2.3189202103963e-08
1,12.6,2.44819490386741e-08
1,12.65,2.59461027586605e-08
1,12.7,2.76058593426396e-08
1,12.75,2.94825537181338e-08
1,12.8,3.15898551226501e-08
1,12.85,3.39420865604709e-08
1,12.9,3.6546962239837e-08
1,12.95,3.93856087160721e-08
1,13,4.24096204037159e-08
1,13.05,4.55448809285401e-08
1,13.1,4.86758380456082e-08
1,13.15,5.16320995025372e-08
1,13.2,5.42073513239603e-08
1,13.25,5.61914465739027e-08
1,13.3,5.73960865154901e-08
1,13.35,5.7692479028811e-08
1,13.4,5.70564989870891e-08
1,13.45,5.55767458675955e-08
1,13.5,5.34184954060954e-08
1,13.55,5.07849319486316e-08
1,13.6,4.78892634563518e-08
1,13.65,4.49213594948735e-08
1,13.7,4.20218976958179e-08
1,13.75,3.92856233230082e-08
1,13.8,3.67743152216317e-08
1,13.85,3.45172972184869e-08
1,13.9,3.25156899175433e-08
1,13.95,3.07599695416749e-08
1,14,2.9238725021331e-08
1,14.05,2.79340950391198e-08
1,14.1,2.68249827517378e-08
1,14.15,2.58956720964107e-08
1,14.2,2.51322267241888e-08
1,14.25,2.45171493124429e-08
1,14.3,2.40367910713763e-08
1,14.35,2.36855202632572e-08
1,14.4,2.34569157879524e-08
1,14.45,2.33414524870629e-08
1,14.5,2.33348177083314e-08
1,14.55,2.34368530652543e-08
1,14.6,2.36441004272907e-08
1,14.65,2.39547398951731e-08
1,14.7,2.43753508320863e-08
1,14.75,2.49129681494646e-08
1,14.8,2.55693945157581e-08
1,14.85,2.63507614668311e-08
1,14.9,2.72713165871735e-08
1,14.95,2.83439733748614e-08
1,15,2.95804873466671e-08
2,1.5,4.65372292034245e-09
2,1.55,4.71739644617359e-09
2,1.6,4.80397595198787e-09
2,1.65,4.84137415116958e-09
2,1.7,4.86448915221262e-09
2,1.75,4.92105504396191e-09
2,1.8,4.97488272816673e-09
2,1.85,5.01130525032345e-09
2,1.9,5.08174297331457e-09
2,1.95,5.18096803331168e-09
2,2,5.24377683671929e-09
2,2.05,5.27911423706937e-09
2,2.1,5.34939465254503e-09
2,2.15,5.44559004794502e-09
2,2.2,5.52585628236766e-09
2,2.25,5.61131184616744e-09
2,2.3,5.72351690740329e-09
2,2.35,5.82218922510807e-09
2,2.4,5.89497320346207e-09
2,2.45,5.99535656586452e-09
2,2.5,6.13639692450277e-09
2,2.55,6.26960097076669e-09
2,2.6,6.38800396584549e-09
2,2.65,6.52687352355833e-09
2,2.7,6.67738604547236e-09
2,2.75,6.81492453311935e-09
2,2.8,6.96871120967308e-09
2,2.85,7.16439443668869e-09
2,2.9,7.36511547439811e-09
2,2.95,7.54551436588253e-09
2,3,7.73943783848496e-09
2,3.05,7.9647799495746e-09
2,3.1,8.19609590764421e-09
2,3.15,8.43416170163939e-09
2,3.2,8.70519074584156e-09
2,3.25,8.99433627054748e-09
2,3.3,9.27164653032095e-09
2,3.35,9.55716872156488e-09
2,3.4,9.8810898691742e-09
2,3.45,1.02261467253613e-08
2,3.5,1.0571787957697e-08
2,3.55,1.09335655985147e-08
2,3.6,1.13158086658655e-08
2,3.65,1.16952095104987e-08
2,3.7,1.20732579519291e-08
2,3.75,1.24735416458615e-08
2,3.8,1.28862188575442e-08
2,3.85,1.32818445522416e-08
2,3.9,1.36612808468313e-08
2,3.95,1.40345964789281e-08
2,4,1.43857712707444e-08
2,4.05,1.47024228933459e-08
2,4.1,1.49939869021497e-08
2,4.15,1.52531394242351e-08
2,4.2,1.54526360338813e-08
2,4.25,1.55901570696903e-08
2,4.3,1.56821131745331e-08
2,4.35,1.57219122345732e-08
2,4.4,1.5695605295879e-08
2,4.45,1.56138926904223e-08
2,4.5,1.54853558148284e-08
2,4.55,1.52965961801006e-08
2,4.6,1.50508369495092e-08
2,4.65,1.47777059165815e-08
2,4.7,1.44862574557832e-08
2,4.75,1.41614430610848e-08
2,4.8,1.38095961630005e-08
2,4.85,1.34525886887344e-08
2,4.9,1.30891427827432e-08
2,4.95,1.27133231342072e-08
2,5,1.2345388224423e-08
2,5.05,1.19998548540007e-08
2,5.1,1.16596731013421e-08
2,5.15,1.13156665251267e-08
2,5.2,1.09869036971955e-08
2,5.25,1.06815006908166e-08
2,5.3,1.03867662810854e-08
2,5.35,1.01051424143619e-08
2,5.4,9.84974031016711e-09
2,5.45,9.61067570365021e-09
2,5.5,9.37266561347246e-09
2,5.55,9.14747721654735e-09
2,5.6,8.94929418181219e-09
2,5.65,8.76701696478767e-09
2,5.7,8.59107961643571e-09
2,5.75,8.43088191826417e-09
2,5.8,8.28670985776434e-09
2,5.85,8.14550686566006e-09
2,5.9,8.01151924606146e-09
2,5.95,7.89959699937759e-09
2,6,7.80313279851849e-09
2,6.05,7.70716600146846e-09
2,6.1,7.61703489503337e-09
2,6.15,7.54135523874197e-09
2,6.2,7.472155606914e-09
2,6.25,7.40652533150919e-09
2,6.3,7.35586737389222e-09
2,6.35,7.31878718672591e-09
2,6.4,7.2802371798336e-09
2,6.45,7.24168730642468e-09
2,6.5,7.21648531127949e-09
2,6.55,7.20197216990139e-09
2,6.6,7.18924878602811e-09
2,6.65,7.18414208959262e-09
2,6.7,7.19060264335497e-09
2,6.75,7.19758131635702e-09
2,6.8,7.20283163771281e-09
2,6.85,7.2200952819189e-09
2,6.9,7.25133442863993e-09
2,6.95,7.2842239376795e-09
2,7,7.31862247577564e-09
2,7.05,7.36301660663188e-09
2,7.1,7.4129119137248e-09
2,7.15,7.46273075994592e-09
2,7.2,7.52245202001181e-09
2,7.25,7.59758856735431e-09
2,7.3,7.67615378917957e-09
2,7.35,7.75307549783646e-09
2,7.4,7.83923373664184e-09
2,7.45,7.9373167225788e-09
2,7.5,8.03954835059649e-09
2,7.55,8.14931797007576e-09
2,7.6,8.27429786913516e-09
2,7.65,8.40679235716389e-09
2,7.7,8.53889916367001e-09
2,7.75,8.68072856868808e-09
2,7.8,8.84079532117495e-09
2,7.85,9.01121249902227e-09
2,7.9,9.18821525321417e-09
2,7.95,9.37991305215427e-09
2,8,9.58567105648389e-09
2,8.05,9.79746329606435e-09
2,8.1,1.00214717297073e-08
2,8.15,1.0269132535469e-08
2,8.2,1.05351006752854e-08
2,8.25,1.08104264811265e-08
2,8.3,1.11017514324201e-08
2,8.35,1.14158991463375e-08
2,8.4,1.17473964769135e-08
2,8.45,1.20966152789759e-08
2,8.5,1.24742246733133e-08
2,8.55,1.28795229310073e-08
2,8.6,1.33021320360509e-08
2,8.65,1.37454336044013e-08
2,8.7,1.42210236232259e-08
2,8.75,1.47274509429168e-08
2,8.8,1.5259231046813e-08
2,8.85,1.58223883834747e-08
2,8.9,1.64203979572409e-08
2,8.95,1.70445382458119e-08
2,9,1.76929180601073e-08
2,9.05,1.83755673847342e-08
2,9.1,1.90926985873e-08
2,9.15,1.98328031260683e-08
2,9.2,2.05925790892052e-08
2,9.25,2.13738928561222e-08
2,9.3,2.21675176891969e-08
2,9.35,2.29621861595034e-08
2,9.4,2.37568449278065e-08
2,9.45,2.45456530304064e-08
2,9.5,2.53085507904928e-08
2,9.55,2.60293233714561e-08
2,9.6,2.67021614175377e-08
2,9.65,2.73147605325585e-08
2,9.7,2.78480618055655e-08
2,9.75,2.82923280977577e-08
2,9.8,2.86417316240717e-08
2,9.85,2.88811675385093e-08
2,9.9,2.89991105134338e-08
2,9.95,2.90007116180243e-08
2,10,2.88924691033886e-08
2,10.05,2.86721700515513e-08
2,10.1,2.83447072934991e-08
2,10.15,2.79261401107309e-08
2,10.2,2.7426825325734e-08
2,10.25,2.68529688361224e-08
2,10.3,2.62229579275072e-08
2,10.35,2.55589650945315e-08
2,10.4,2.48690748899293e-08
2,10.45,2.4157484845355e-08
2,10.5,2.34392317949184e-08
2,10.55,2.27279742839677e-08
2,10.6,2.20262660258504e-08
2,10.65,2.1339772930922e-08
2,10.7,2.06810779005375e-08
2,10.75,2.00530291813506e-08
2,10.8,1.94495633915974e-08
2,10.85,1.88736956517628e-08
2,10.9,1.83342718500756e-08
2,10.95,1.78303387073782e-08
2,11,1.7357455591705e-08
2,11.05,1.69192200743848e-08
2,11.1,1.65173401044594e-08
2,11.15,1.61446653975727e-08
2,11.2,1.57989930696375e-08
2,11.25,1.54870380197489e-08
2,11.3,1.52091654306148e-08
2,11.35,1.49581472082212e-08
2,11.4,1.47331982653383e-08
2,11.45,1.45376854484306e-08
2,11.5,1.43680037577931e-08
2,11.55,1.42205306240517e-08
2,11.6,1.41001234167265e-08
2,11.65,1.400909629304e-08
2,11.7,1.39407173012574e-08
2,11.75,1.38920620802787e-08
2,11.8,1.38680942170131e-08
2,11.85,1.38693597144125e-08
2,11.9,1.3891804638984e-08
2,11.95,1.39375628110033e-08
2,12,1.40102535790227e-08
2,12.05,1.41053507039309e-08
2,12.1,1.42189126100697e-08
2,12.15,1.43561228310259e-08
2,12.2,1.45206104738655e-08
2,12.25,1.47080876691914e-08
2,12.3,1.49171003323147e-08
2,12.35,1.5151293831659e-08
2,12.4,1.54088200317922e-08
2,12.45,1.56847861515059e-08
2,12.5,1.59818483164023e-08
2,12.55,1.63038382528333e-08
2,12.6,1.66453533241739e-08
2,12.65,1.69999200723709e-08
2,12.7,1.73681813322835e-08
2,12.75,1.77487312946408e-08
2,12.8,1.81337828189743e-08
2,12.85,1.85192661705231e-08
2,12.9,1.8904657493964e-08
2,12.95,1.92816733621156e-08
2,13,1.96379900251913e-08
2,13.05,1.99691253217804e-08
2,13.1,2.02731476322553e-08
2,13.15,2.05411838588241e-08
2,13.2,2.0765012998094e-08
2,13.25,2.09436030015412e-08
2,13.3,2.10739327911138e-08
2,13.35,2.11488461671235e-08
2,13.4,2.11689663030498e-08
2,13.45,2.11423662632116e-08
2,13.5,2.10718892486863e-08
2,13.55,2.09572444663889e-08
2,13.6,2.08057445879649e-08
2,13.65,2.06271926240855e-08
2,13.7,2.04254320463479e-08
2,13.75,2.02060574964482e-08
2,13.8,1.99814758347537e-08
2,13.85,1.9759721713375e-08
2,13.9,1.95409209169136e-08
2,13.95,1.93292056704596e-08
2,14,1.91340210447464e-08
2,14.05,1.89592063366008e-08
2,14.1,1.88048616967531e-08
2,14.15,1.86764147501551e-08
2,14.2,1.85789231456413e-08
2,14.25,1.85096967669324e-08
2,14.3,1.84673526590092e-08
2,14.35,1.84580754272715e-08
2,14.4,1.84854356516314e-08
2,14.45,1.85463728340767e-08
2,14.5,1.86411279460593e-08
2,14.55,1.87737810240006e-08
2,14.6,1.89430918464774e-08
2,14.65,1.91461865160473e-08
2,14.7,1.93874143259946e-08
2,14.75,1.96714846169569e-08
2,14.8,1.99952271555198e-08
2,14.85,2.03558866490959e-08
2,14.9,2.07572494453182e-08
2,14.95,2.12008517664027e-08
2,15,2.16834165631359e-08
4,1.5,4.51953267600259e-09
4,1.55,4.56419879582833e-09
4,1.6,4.63446641787511e-09
4,1.65,4.65970895981969e-09
4,1.7,4.66670054385713e-09
4,1.75,4.70259022819825e-09
4,1.8,4.73686562448979e-09
4,1.85,4.75187530401436e-09
4,1.9,4.79386195145776e-09
4,1.95,4.86364885204702e-09
4,2,4.90178864721243e-09
4,2.05,4.90976459142366e-09
4,2.1,4.94352568236563e-09
4,2.15,5.00000477075694e-09
4,2.2,5.04100366136651e-09
4,2.25,5.08160115117314e-09
4,2.3,5.14295173716638e-09
4,2.35,5.1918283108716e-09
4,2.4,5.21317661223427e-09
4,2.45,5.25058974432855e-09
4,2.5,5.3189648928446e-09
4,2.55,5.37855939999554e-09
4,2.6,5.41993323138582e-09
4,2.65,5.47136969909015e-09
4,2.7,5.52730224004198e-09
4,2.75,5.56639779197017e-09
4,2.8,5.60998485351071e-09
4,2.85,5.67928088016787e-09
4,2.9,5.74580876227453e-09
4,2.95,5.78803005957573e-09
4,3,5.83092891224996e-09
4,3.05,5.88812326281544e-09
4,3.1,5.93972725309092e-09
4,3.15,5.98585234198879e-09
4,3.2,6.04538928150449e-09
4,3.25,6.10561253383781e-09
4,3.3,6.14435019508177e-09
4,3.35,6.17819842116212e-09
4,3.4,6.2284233914396e-09
4,3.45,6.279757103059e-09
4,3.5,6.31838811835658e-09
4,3.55,6.35803502244245e-09
4,3.6,6.40024993348747e-09
4,3.65,6.42799435665558e-09
4,3.7,6.44833106093407e-09
4,3.75,6.48193943289175e-09
4,3.8,6.51873808432466e-09
4,3.85,6.53856463481973e-09
4,3.9,6.55082449799506e-09
4,3.95,6.56818084657061e-09
4,4,6.57949196858713e-09
4,4.05,6.5818283324739e-09
4,4.1,6.59150905877668e-09
4,4.15,6.60512738225074e-09
4,4.2,6.60184607373247e-09
4,4.25,6.58668200906226e-09
4,4.3,6.57966972389777e-09
4,4.35,6.57556497581641e-09
4,4.4,6.56153196936236e-09
4,4.45,6.54715502251656e-09
4,4.5,6.5378868794278e-09
4,4.55,6.51751378138983e-09
4,4.6,6.48469829845898e-09
4,4.65,6.46080571898543e-09
4,4.7,6.44731614027325e-09
4,4.75,6.42493821036324e-09
4,4.8,6.39447597195584e-09
4,4.85,6.36954157683971e-09
4,4.9,6.34335919416081e-09
4,4.95,6.30766654427904e-09
4,5,6.27765954960121e-09
4,5.05,6.26111629379969e-09
4,5.1,6.23927503091752e-09
4,5.15,6.20452156268192e-09
4,5.2,6.17385895349368e-09
4,5.25,6.15157513715434e-09
4,5.3,6.1251894296471e-09
4,5.35,6.09866744693827e-09
4,5.4,6.08324908254934e-09
4,5.45,6.0675699538817e-09
4,5.5,6.03915766551472e-09
4,5.55,6.01218945241609e-09
4,5.6,5.99921536046027e-09
4,5.65,5.98799674300953e-09
4,5.7,5.97116927564713e-09
4,5.75,5.95956950428659e-09
4,5.8,5.95255257551585e-09
4,5.85,5.93766627746597e-09
4,5.9,5.92169881083181e-09
4,5.95,5.91995443177067e-09
4,6,5.92434311280925e-09
4,6.05,5.92033356961191e-09
4,6.1,5.91527834511868e-09
4,6.15,5.91820489465978e-09
4,6.2,5.92056655807291e-09
4,6.25,5.92030782544545e-09
4,6.3,5.93001836876877e-09
4,6.35,5.94785531183106e-09
4,6.4,5.9581058743549e-09
4,6.45,5.96314304694248e-09
4,6.5,5.97743062067139e-09
4,6.55,5.99810022354882e-09
4,6.6,6.01585553656698e-09
4,6.65,6.0370918485688e-09
4,6.7,6.06622982121692e-09
4,6.75,6.09173130249996e-09
4,6.8,6.11103813096117e-09
4,6.85,6.13858665639709e-09
4,6.9,6.17690391182425e-09
4,6.95,6.21319864569675e-09
4,7,6.24685912420507e-09
4,7.05,6.28675119140457e-09
4,7.1,6.32859532009025e-09
4,7.15,6.36615260069649e-09
4,7.2,6.40909399035938e-09
4,7.25,6.46364255987501e-09
4,7.3,6.51801851565282e-09
4,7.35,6.56611993785648e-09
4,7.4,6.6182223613648e-09
4,7.45,6.6775035326621e-09
4,7.5,6.73607128312693e-09
4,7.55,6.79628050909398e-09
4,7.6,6.86571321716402e-09
4,7.65,6.9373405391307e-09
4,7.7,7.00246587032185e-09
4,7.75,7.06947523106961e-09
4,7.8,7.14669533662811e-09
4,7.85,7.22684527914184e-09
4,7.9,7.30520747804872e-09
4,7.95,7.38848023366351e-09
4,8,7.47612414323524e-09
4,8.05,7.55992180353493e-09
4,8.1,7.64389072437891e-09
4,8.15,7.73785421642864e-09
4,8.2,7.83699673464303e-09
4,8.25,7.93212855574071e-09
4,8.3,8.02751383455548e-09
4,8.35,8.12838720255262e-09
4,8.4,8.22916392823082e-09
4,8.45,8.32862108039759e-09
4,8.5,8.4346273913236e-09
4,8.55,8.54575218265025e-09
4,8.6,8.65196212079448e-09
4,8.65,8.75453878109845e-09
4,8.7,8.86192131416657e-09
4,8.75,8.97180647059183e-09
4,8.8,9.07854317490037e-09
4,8.85,9.18610234394094e-09
4,8.9,9.29638175688949e-09
4,8.95,9.40158591373504e-09
4,9,9.50029620854883e-09
4,9.05,9.60110087664814e-09
4,9.1,9.70443337336565e-09
4,9.15,9.80211081797163e-09
4,9.2,9.89414861774346e-09
4,9.25,9.98521496861879e-09
4,9.3,1.00714189476085e-08
4,9.35,1.01492031385054e-08
4,9.4,1.02249649263065e-08
4,9.45,1.03011671379982e-08
4,9.5,1.03694237987614e-08
4,9.55,1.04268625916647e-08
4,9.6,1.04801543661463e-08
4,9.65,1.05297845966049e-08
4,9.7,1.05705953786509e-08
4,9.75,1.06053730019932e-08
4,9.8,1.06383322720924e-08
4,9.85,1.06633707418249e-08
4,9.9,1.06758788154882e-08
4,9.95,1.06830451408315e-08
4,10,1.06893835613432e-08
4,10.05,1.06890443298396e-08
4,10.1,1.06804399712057e-08
4,10.15,1.06689990690734e-08
4,10.2,1.06530639430713e-08
4,10.25,1.06273565774943e-08
4,10.3,1.05970933738955e-08
4,10.35,1.0569370245193e-08
4,10.4,1.0539290798514e-08
4,10.45,1.05012392516144e-08
4,10.5,1.04603574850193e-08
4,10.55,1.04201728880953e-08
4,10.6,1.03761130628278e-08
4,10.65,1.03291650791367e-08
4,10.7,1.02864863659753e-08
4,10.75,1.0245912877994e-08
4,10.8,1.01998102888102e-08
4,10.85,1.01512601138569e-08
4,10.9,1.0107608036198e-08
4,10.95,1.00663753745423e-08
4,11,1.00239014291785e-08
4,11.05,9.98491515107039e-09
4,11.1,9.95082033315324e-09
4,11.15,9.91490115898282e-09
4,11.2,9.87726713840434e-09
4,11.25,9.84622960387716e-09
4,11.3,9.82201864291664e-09
4,11.35,9.7979376956835e-09
4,11.4,9.77504219904639e-09
4,11.45,9.75775620028913e-09
4,11.5,9.74260467040699e-09
4,11.55,9.72697417636935e-09
4,11.6,9.71719694201209e-09
4,11.65,9.71579014640203e-09
4,11.7,9.71562684096584e-09
4,11.75,9.71439581803697e-09
4,11.8,9.71797698191963e-09
4,11.85,9.72686478268576e-09
4,11.9,9.73672427475141e-09
4,11.95,9.75003961768897e-09
4,12,9.77056183777272e-09
4,12.05,9.79313695620483e-09
4,12.1,9.81341875796566e-09
4,12.15,9.83684121002271e-09
4,12.2,9.86704053767523e-09
4,12.25,9.89921970847307e-09
4,12.3,9.93169765681477e-09
4,12.35,9.9683480702479e-09
4,12.4,1.00074293514455e-08
4,12.45,1.00441395817827e-08
4,12.5,1.00818506243043e-08
4,12.55,1.01256707789329e-08
4,12.6,1.01715697470163e-08
4,12.65,1.02147578596666e-08
4,12.7,1.02584182274198e-08
4,12.75,1.03044817598652e-08
4,12.8,1.03489693735694e-08
4,12.85,1.03922750791059e-08
4,12.9,1.04393051948628e-08
4,12.95,1.04878842314061e-08
4,13,1.05319758697904e-08
4,13.05,1.05735704444463e-08
4,13.1,1.06175007251887e-08
4,13.15,1.06614285660054e-08
4,13.2,1.0702725327387e-08
4,13.25,1.07448805497213e-08
4,13.3,1.07883438139559e-08
4,13.35,1.0827837120771e-08
4,13.4,1.08637818084427e-08
4,13.45,1.09023195100853e-08
4,13.5,1.09431300758129e-08
4,13.55,1.09813857014766e-08
4,13.6,1.10184369297989e-08
4,13.65,1.1057400791858e-08
4,13.7,1.10953173624876e-08
4,13.75,1.11307978493597e-08
4,13.8,1.11692081633524e-08
4,13.85,1.12121348815902e-08
4,13.9,1.12540945394804e-08
4,13.95,1.12941121638169e-08
4,14,1.13370132043286e-08
4,14.05,1.13828254355084e-08
4,14.1,1.14285510503592e-08
4,14.15,1.14769428224923e-08
4,14.2,1.15308868053143e-08
4,14.25,1.1586056805628e-08
4,14.3,1.16396419422205e-08
4,14.35,1.16965248003143e-08
4,14.4,1.17593197378042e-08
4,14.45,1.18241955198552e-08
4,14.5,1.18905061295473e-08
4,14.55,1.19615342974864e-08
4,14.6,1.20354715753639e-08
4,14.65,1.21086664532026e-08
4,14.7,1.21844064729008e-08
4,14.75,1.22666560020618e-08
4,14.8,1.23518148948293e-08
4,14.85,1.24363404941023e-08
4,14.9,1.25230327740282e-08
4,14.95,1.26129763195515e-08
4,15,1.27027116593779e-08
