omega,average_energy
1.5,4.6914961585326e-09
1.55,4.76231898811257e-09
1.6,4.85340783041694e-09
1.65,4.89353019847133e-09
1.7,4.92214216775462e-09
1.75,4.98589617850059e-09
1.8,5.04579430336648e-09
1.85,5.08991510881614e-09
1.9,5.17137311133169e-09
1.95,5.28035901515611e-09
2,5.35032104191832e-09
2.05,5.39598319652852e-09
2.1,5.48152647385573e-09
2.15,5.59315262274068e-09
2.2,5.68869734998463e-09
2.25,5.79328621581148e-09
2.3,5.92671930904346e-09
2.35,6.04525824535051e-09
2.4,6.14119720131307e-09
2.45,6.27303689808877e-09
2.5,6.44934347668647e-09
2.55,6.61746703203239e-09
2.6,6.7754511779966e-09
2.65,6.96206800976716e-09
2.7,7.16486048714437e-09
2.75,7.36039532612218e-09
2.8,7.5853142014575e-09
2.85,7.86467765500806e-09
2.9,8.15499543015614e-09
2.95,8.43450254436939e-09
3,8.74710858430428e-09
3.05,9.11145284823047e-09
3.1,9.49959286470775e-09
3.15,9.92004661846315e-09
3.2,1.04071347057051e-08
3.25,1.09435671751139e-08
3.3,1.15013882121314e-08
3.35,1.2117471448055e-08
3.4,1.28358028995877e-08
3.45,1.36404494293551e-08
3.5,1.45184644584378e-08
3.55,1.55062087127253e-08
3.6,1.66236371404601e-08
3.65,1.78563930224254e-08
3.7,1.92288730959587e-08
3.75,2.07990460591062e-08
3.8,2.25791737196874e-08
3.85,2.45518059561255e-08
3.9,2.67404404644443e-08
3.95,2.91805360949582e-08
4,3.18582474904423e-08
4.05,3.47386474166114e-08
4.1,3.7791481152518e-08
4.15,4.09333244803287e-08
4.2,4.40021774684742e-08
4.25,4.68139444253064e-08
4.3,4.91829043490812e-08
4.35,5.08981993299055e-08
4.4,5.17703998475117e-08
4.45,5.17131063759702e-08
4.5,5.07436487521301e-08
4.55,4.89505882604538e-08
4.6,4.65076129760075e-08
4.65,4.36559440202381e-08
4.7,4.06128160765465e-08
4.75,3.75265477520891e-08
4.8,3.45178728400604e-08
4.85,3.16894167438708e-08
4.9,2.90859582802159e-08
4.95,2.67097330250316e-08
5,2.45713791426393e-08
5.05,2.26773303366178e-08
5.1,2.09965063580768e-08
5.15,1.94913513304614e-08
5.2,1.81527852166406e-08
5.25,1.69728037917525e-08
5.3,1.59240975765949e-08
5.35,1.49887148854541e-08
5.4,1.41643218682232e-08
5.45,1.34345253690611e-08
5.5,1.27746099038127e-08
5.55,1.21811737506992e-08
5.6,1.16589139345391e-08
5.65,1.11946315206754e-08
5.7,1.07738798715116e-08
5.75,1.03978620784499e-08
5.8,1.00634024570284e-08
5.85,9.75685028864082e-09
5.9,9.4775002741273e-09
5.95,9.23431608589097e-09
6,9.02050366632589e-09
6.05,8.82248597014027e-09
6.1,8.64264703685217e-09
6.15,8.4862288152776e-09
6.2,8.34559591007043e-09
6.25,8.21764260616144e-09
6.3,8.11060730627867e-09
6.35,8.02184000392482e-09
6.4,7.93830179302929e-09
6.45,7.86145692119126e-09
6.5,7.80178112025871e-09
6.55,7.75575774500151e-09
6.6,7.71580911435321e-09
6.65,7.68715994768931e-09
6.7,7.6721583251567e-09
6.75,7.66067779537964e-09
6.8,7.65186069209674e-09
6.85,7.65793312418591e-09
6.9,7.67906201644322e-09
6.95,7.70394653765778e-09
7,7.7335801458704e-09
7.05,7.77536074742515e-09
7.1,7.82430079005327e-09
7.15,7.87619491810741e-09
7.2,7.94101564170465e-09
7.25,8.02246965892844e-09
7.3,8.10867278466599e-09
7.35,8.19655290402073e-09
7.4,8.29717149552597e-09
7.45,8.4119828270745e-09
7.5,8.53379666533173e-09
7.55,8.66725032158499e-09
7.6,8.81921731563229e-09
7.65,8.98132478223542e-09
7.7,9.14759971924968e-09
7.75,9.32976552140255e-09
7.8,9.53530146949876e-09
7.85,9.75584018080579e-09
7.9,9.98953384764113e-09
7.95,1.02456024225725e-08
8,1.05229556628489e-08
8.05,1.08150880906717e-08
8.1,1.11313673830087e-08
8.15,1.1484044664719e-08
8.2,1.18672848315791e-08
8.25,1.22746637005533e-08
8.3,1.27169156486057e-08
8.35,1.32027072828403e-08
8.4,1.37284138762194e-08
8.45,1.4299410739541e-08
8.5,1.49312733034685e-08
8.55,1.56258007110143e-08
8.6,1.63774680187821e-08
8.65,1.71992631655283e-08
8.7,1.81121718877674e-08
8.75,1.91223890849604e-08
8.8,2.02357128382572e-08
8.85,2.14738273943437e-08
8.9,2.28552750478333e-08
8.95,2.43873412091553e-08
9,2.60913398932554e-08
9.05,2.80056681207736e-08
9.1,3.01580907170903e-08
9.15,3.25673490352866e-08
9.2,3.52694718872769e-08
9.25,3.83108189431815e-08
9.3,4.17258871932593e-08
9.35,4.55493351561194e-08
9.4,4.98280760224905e-08
9.45,5.45924301249369e-08
9.5,5.98325858541122e-08
9.55,6.55101509962388e-08
9.6,7.15499044060163e-08
9.65,7.77953438684813e-08
9.7,8.39906611225894e-08
9.75,8.98013873330211e-08
9.8,9.48280397927733e-08
9.85,9.86332309446262e-08
9.9,1.00832136663439e-07
9.95,1.01198443010311e-07
10,9.97055822269136e-08
10.05,9.65161455018984e-08
10.1,9.19570289863877e-08
10.15,8.64555173681689e-08
10.2,8.04371458642633e-08
10.25,7.4258341749735e-08
10.3,6.81991956605809e-08
10.35,6.2461034710244e-08
10.4,5.71545080607724e-08
10.45,5.23190308337991e-08
10.5,4.79622602396226e-08
10.55,4.40720237914064e-08
10.6,4.06128713011432e-08
10.65,3.75420486312318e-08
10.7,3.48245551564267e-08
10.75,3.24242493949874e-08
10.8,3.02990062908369e-08
10.85,2.8414573874023e-08
10.9,2.67477975052234e-08
10.95,2.52743318640475e-08
11,2.39687836253773e-08
11.05,2.28136145853656e-08
11.1,2.17940877601021e-08
11.15,2.08915754978231e-08
11.2,2.00917040721045e-08
11.25,1.93882943143429e-08
11.3,1.87731780475959e-08
11.35,1.82343031948517e-08
11.4,1.77650679206847e-08
11.45,1.736275878122e-08
11.5,1.70207759819123e-08
11.55,1.67337068158345e-08
11.6,1.65028052479442e-08
11.65,1.63273166761698e-08
11.7,1.62005511658536e-08
11.75,1.61200670675055e-08
11.8,1.60894576029143e-08
11.85,1.61085451602501e-08
11.9,1.61748168180358e-08
11.95,1.62918317719112e-08
12,1.64638303763651e-08
12.05,1.66888672659105e-08
12.1,1.69678951483948e-08
12.15,1.7310504519643e-08
12.2,1.7724214434392e-08
12.25,1.82109090481422e-08
12.3,1.87775841522794e-08
12.35,1.94364367552822e-08
12.4,2.01950838887397e-08
12.45,2.1061357690794e-08
12.5,2.20529774328338e-08
12.55,2.3189202103963e-08
12.6,2.44819490386741e-08
12.65,2.59461027586605e-08
12.7,2.76058593426396e-08
12.75,2.94825537181338e-08
12.8,3.15898551226501e-08
12.85,3.39420865604709e-08
12.9,3.6546962239837e-08
12.95,3.93856087160721e-08
13,4.24096204037159e-08
13.05,4.55448809285401e-08
13.1,4.86758380456082e-08
13.15,5.16320995025372e-08
13.2,5.42073513239603e-08
13.25,5.61914465739027e-08
13.3,5.73960865154901e-08
13.35,5.7692479028811e-08
13.4,5.70564989870891e-08
13.45,5.55767458675955e-08
13.5,5.34184954060954e-08
13.55,5.07849319486316e-08
13.6,4.78892634563518e-08
13.65,4.49213594948735e-08
13.7,4.20218976958179e-08
13.75,3.92856233230082e-08
13.8,3.67743152216317e-08
13.85,3.45172972184869e-08
13.9,3.25156899175433e-08
13.95,3.07599695416749e-08
14,2.9238725021331e-08
14.05,2.79340950391198e-08
14.1,2.68249827517378e-08
14.15,2.58956720964107e-08
14.2,2.51322267241888e-08
14.25,2.45171493124429e-08
14.3,2.40367910713763e-08
14.35,2.36855202632572e-08
14.4,2.34569157879524e-08
14.45,2.33414524870629e-08
14.5,2.33348177083314e-08
14.55,2.34368530652543e-08
14.6,2.36441004272907e-08
14.65,2.39547398951731e-08
14.7,2.43753508320863e-08
14.75,2.49129681494646e-08
14.8,2.55693945157581e-08
14.85,2.63507614668311e-08
14.9,2.72713165871735e-08
14.95,2.83439733748614e-08
15,2.95804873466671e-08
